index,SKU Code,Design No.,Stock,Category,Size,Color,Status
0,AN201-RED-L,AN201,5.0,AN : LEGGINGS,L,Red,Medium
1,AN201-RED-M,AN201,5.0,AN : LEGGINGS,M,Red,Medium
3,AN201-RED-XL,AN201,6.0,AN : LEGGINGS,XL,Red,Medium
8,AN202-ORANGE-XL,AN202,8.0,AN : LEGGINGS,XL,Orange,Medium
15,AN204-PURPLE-L,AN204,10.0,AN : LEGGINGS,L,Purple,Medium
17,AN204-PURPLE-S,AN204,6.0,AN : LEGGINGS,S,Purple,Medium
19,AN204-PURPLE-XXL,AN204,5.0,AN : LEGGINGS,XXL,Purple,Medium
20,AN205-YELLOW-L,AN205,9.0,AN : LEGGINGS,L,Yellow,Medium
21,AN205-YELLOW-M,AN205,7.0,AN : LEGGINGS,M,Yellow,Medium
22,AN205-YELLOW-S,AN205,6.0,AN : LEGGINGS,S,Yellow,Medium
23,AN205-YELLOW-XL,AN205,7.0,AN : LEGGINGS,XL,Yellow,Medium
25,AN206-GREEN-L,AN206,10.0,AN : LEGGINGS,L,Green,Medium
36,AN209-BIEGE-M,AN209,7.0,AN : LEGGINGS,M,Beige,Medium
40,AN210-NAVY-L,AN210,5.0,AN : LEGGINGS,L,Navy Blue,Medium
47,AN211-BLACK-S,AN211,7.0,AN : LEGGINGS,S,Black,Medium
51,AN212-WHITE-M,AN212,8.0,AN : LEGGINGS,M,White,Medium
56,AN213-BROWN-M,AN213,7.0,AN : LEGGINGS,M,Brown,Medium
57,AN213-BROWN-S,AN213,8.0,AN : LEGGINGS,S,Brown,Medium
58,AN213-BROWN-XL,AN213,6.0,AN : LEGGINGS,XL,Brown,Medium
59,AN213-BROWN-XXL,AN213,8.0,AN : LEGGINGS,XXL,Brown,Medium
96,BL030-78BEIGE,BL030,10.0,BLOUSE,FREE,Beige,Medium
97,BL031-79PINK,BL031,8.0,BLOUSE,FREE,Pink,Medium
119,BL075-85CHIKU,BL075,7.0,BLOUSE,FREE,Chiku,Medium
121,BL077-86RED,BL077,8.0,BLOUSE,FREE,Red,Medium
126,BL082-88CHIKU,BL082,9.0,BLOUSE,FREE,Beige,Medium
133,BL085-XS,BL085,6.0,BLOUSE,XS,Orange,Medium
137,BL086-M,BL086,5.0,BLOUSE,M,Blue,Medium
139,BL086-XL,BL086,5.0,BLOUSE,XL,Blue,Medium
140,BL086-XS,BL086,8.0,BLOUSE,XS,Blue,Medium
146,BL087-XL,BL087,5.0,BLOUSE,XL,Multicolor,Medium
152,BL089-XL,BL089,8.0,BLOUSE,XL,Multicolor,Medium
154,BL089-XXL,BL089,7.0,BLOUSE,XXL,Multicolor,Medium
163,BL091-S,BL091,7.0,BLOUSE,S,Multicolor,Medium
165,BL091-XS,BL091,7.0,BLOUSE,XS,Multicolor,Medium
187,BL096-S,BL096,8.0,BLOUSE,S,Beige,Medium
189,BL096-XS,BL096,8.0,BLOUSE,XS,Beige,Medium
195,BL097-XS,BL097,9.0,BLOUSE,XS,Maroon,Medium
205,BL099-L,BL099,5.0,BLOUSE,L,Black,Medium
206,BL099-M,BL099,6.0,BLOUSE,M,Black,Medium
207,BL099-S,BL099,9.0,BLOUSE,S,Black,Medium
208,BL099-XL,BL099,6.0,BLOUSE,XL,Black,Medium
212,BL100-M,BL100,5.0,BLOUSE,M,Green,Medium
213,BL100-S,BL100,6.0,BLOUSE,S,Green,Medium
214,BL100-XL,BL100,8.0,BLOUSE,XL,Green,Medium
215,BL100-XS,BL100,9.0,BLOUSE,XS,Green,Medium
216,BL100-XXL,BL100,5.0,BLOUSE,XXL,Green,Medium
219,BL101-S,BL101,8.0,BLOUSE,S,Grey,Medium
221,BL101-XS,BL101,6.0,BLOUSE,XS,Grey,Medium
224,BL102-L,BL102,7.0,BLOUSE,L,Navy Blue,Medium
225,BL102-M,BL102,5.0,BLOUSE,M,Navy Blue,Medium
229,BL102-XXL,BL102,6.0,BLOUSE,XXL,Navy Blue,Medium
230,BL103-L,BL103,7.0,BLOUSE,L,Maroon,Medium
233,BL103-XL,BL103,8.0,BLOUSE,XL,Maroon,Medium
246,BL107-XS,BL107,6.0,BLOUSE,XS,White,Medium
254,BL109-XXL,BL109,9.0,BLOUSE,XXL,Gold,Medium
255,BL110-L,BL110,8.0,BLOUSE,L,Red,Medium
256,BL110-M,BL110,7.0,BLOUSE,M,Red,Medium
258,BL110-XL,BL110,8.0,BLOUSE,XL,Red,Medium
260,BL110-XXL,BL110,5.0,BLOUSE,XXL,Red,Medium
261,BL111-L,BL111,9.0,BLOUSE,L,Black,Medium
262,BL111-M,BL111,6.0,BLOUSE,M,Black,Medium
270,BL113-XL,BL113,8.0,BLOUSE,XL,Maroon,Medium
272,BL113-XXL,BL113,7.0,BLOUSE,XXL,Maroon,Medium
315,BTM008-L,BTM008,6.0,PANT,L,Grey,Medium
317,BTM008-S,BTM008,5.0,PANT,S,Grey,Medium
318,BTM008-XL,BTM008,10.0,PANT,XL,Grey,Medium
320,BTM008-XXL,BTM008,6.0,PANT,XXL,Grey,Medium
330,BTM026-NP-M,BTM026,6.0,PANT,M,Red,Medium
331,BTM026-NP-S,BTM026,6.0,PANT,S,Red,Medium
339,BTM027-NP-XL,BTM027,8.0,PANT,XL,Green,Medium
352,BTM030-NP-S,BTM030,8.0,PANT,S,Dark Green,Medium
354,BTM030-NP-XS,BTM030,7.0,PANT,XS,Dark Green,Medium
356,BTM030-NP-XXXL,BTM030,5.0,PANT,XXXL,Dark Green,Medium
358,BTM031-NP-M,BTM031,6.0,PANT,M,Brown,Medium
368,BTM032-NP-XS,BTM032,5.0,PANT,XS,Pink,Medium
375,BTM033-NP-XS,BTM033,5.0,PANT,XS,Turquoise Blue,Medium
386,BTM036-PP-M,BTM036,10.0,PALAZZO,M,Red,Medium
387,BTM036-PP-S,BTM036,8.0,PALAZZO,S,Red,Medium
388,BTM036-PP-XL,BTM036,6.0,PALAZZO,XL,Red,Medium
391,BTM036-PP-XXXL,BTM036,6.0,PALAZZO,XXXL,Red,Medium
394,BTM037-PP-S,BTM037,7.0,PALAZZO,S,Teal,Medium
401,BTM038-PP-S,BTM038,6.0,PALAZZO,S,Black,Medium
420,BTM041-PP-L,BTM041,6.0,PALAZZO,L,Grey,Medium
421,BTM041-PP-M,BTM041,5.0,PALAZZO,M,Grey,Medium
423,BTM041-PP-XL,BTM041,7.0,PALAZZO,XL,Grey,Medium
425,BTM041-PP-XXL,BTM041,7.0,PALAZZO,XXL,Grey,Medium
426,BTM041-PP-XXXL,BTM041,7.0,PALAZZO,XXXL,Grey,Medium
432,BTM042-PP-XXL,BTM042,6.0,PALAZZO,XXL,Mustard,Medium
438,BTM043-PP-XS,BTM043,8.0,PALAZZO,XS,Khaki,Medium
443,BTM044-PP-S,BTM044,5.0,PALAZZO,S,Maroon,Medium
447,BTM044-PP-XXXL,BTM044,5.0,PALAZZO,XXXL,Maroon,Medium
454,BTM045-PP-XXXL,BTM045,6.0,PALAZZO,XXXL,Olive Green,Medium
456,BTM046-PP-M,BTM046,10.0,PALAZZO,M,Navy Blue,Medium
463,BTM047-PP-M,BTM047,10.0,PALAZZO,M,Pink,Medium
465,BTM047-PP-XL,BTM047,6.0,PALAZZO,XL,Pink,Medium
471,BTM048-PP-S,BTM048,6.0,PALAZZO,S,Green,Medium
538,CH201-RED-S,CH201,6.0,AN : LEGGINGS,S,Red,Medium
542,CH202-ORANGE-M,CH202,8.0,AN : LEGGINGS,M,Orange,Medium
543,CH202-ORANGE-S,CH202,7.0,AN : LEGGINGS,S,Orange,Medium
544,CH202-ORANGE-XL,CH202,5.0,AN : LEGGINGS,XL,Orange,Medium
547,CH203-MAROON-L,CH203,6.0,AN : LEGGINGS,L,Maroon,Medium
554,CH204-PURPLE-S,CH204,5.0,AN : LEGGINGS,S,Purple,Medium
560,CH205-YELLOW-XL,CH205,5.0,AN : LEGGINGS,XL,Yellow,Medium
562,CH206-GREEN-L,CH206,5.0,AN : LEGGINGS,L,Green,Medium
563,CH206-GREEN-M,CH206,6.0,AN : LEGGINGS,M,Green,Medium
564,CH206-GREEN-S,CH206,10.0,AN : LEGGINGS,S,Green,Medium
565,CH206-GREEN-XL,CH206,5.0,AN : LEGGINGS,XL,Green,Medium
569,CH207-PINK-S,CH207,5.0,AN : LEGGINGS,S,Pink,Medium
572,CH208-MUSTARD-L,CH208,7.0,AN : LEGGINGS,L,Mustard,Medium
574,CH208-MUSTARD-S,CH208,7.0,AN : LEGGINGS,S,Mustard,Medium
588,CH211-BLACK-M,CH211,5.0,AN : LEGGINGS,M,Black,Medium
604,J0001-DR-S,J0001,9.0,DRESS,S,Pink,Medium
615,J0002-SKD-XXXL,J0002,7.0,KURTA SET,XXXL,Peach,Medium
617,J0003-SET-M,J0003,7.0,KURTA SET,M,Mustard,Medium
618,J0003-SET-S,J0003,9.0,KURTA SET,S,Mustard,Medium
619,J0003-SET-XL,J0003,5.0,KURTA SET,XL,Mustard,Medium
622,J0003-SET-XXXL,J0003,9.0,KURTA SET,XXXL,Mustard,Medium
645,J0007-SKD-M,J0007,6.0,KURTA SET,M,Red,Medium
668,J0010-LCD-XL,J0010,10.0,LEHENGA CHOLI,XL,Peach,Medium
669,J0010-LCD-XS,J0010,7.0,LEHENGA CHOLI,XS,Peach,Medium
674,J0011-LCD-S,J0011,9.0,LEHENGA CHOLI,S,Pink,Medium
676,J0011-LCD-XS,J0011,7.0,LEHENGA CHOLI,XS,Pink,Medium
679,J0012-SKD-L,J0012,10.0,KURTA SET,L,Green,Medium
686,J0013-SKD-L,J0013,7.0,KURTA SET,L,Light Green,Medium
688,J0013-SKD-S,J0013,8.0,KURTA SET,S,Light Green,Medium
691,J0013-SKD-XXL,J0013,5.0,KURTA SET,XXL,Light Green,Medium
692,J0013-SKD-XXXL,J0013,6.0,KURTA SET,XXXL,Light Green,Medium
717,J0019-SET-XS,J0019,9.0,SET,XS,Red,Medium
740,J0023-TP-S,J0023,6.0,TOP,S,Turquoise Blue,Medium
743,J0023-TP-XXL,J0023,6.0,TOP,XXL,Turquoise Blue,Medium
756,J0025-DR-XS,J0025,7.0,DRESS,XS,Sea Green,Medium
793,J0033-KR-S,J0033,9.0,KURTA,S,LEMON ,Medium
795,J0033-KR-XS,J0033,9.0,KURTA,XS,LEMON ,Medium
806,J0035-KR-S,J0035,5.0,KURTA,S,Lemon Yellow,Medium
808,J0035-KR-XS,J0035,6.0,KURTA,XS,Lemon Yellow,Medium
817,J0037-KR-L,J0037,5.0,KURTA,L,Sky Blue,Medium
818,J0037-KR-M,J0037,5.0,KURTA,M,Sky Blue,Medium
819,J0037-KR-S,J0037,9.0,KURTA,S,Sky Blue,Medium
822,J0037-KR-XXL,J0037,7.0,KURTA,XXL,Sky Blue,Medium
823,J0037-KR-XXXL,J0037,5.0,KURTA,XXXL,Sky Blue,Medium
828,J0038-DR-XS,J0038,7.0,DRESS,XS,Peach,Medium
845,J0041-SET-L,J0041,5.0,KURTA SET,L,Light Green,Medium
848,J0041-SET-XL,J0041,7.0,KURTA SET,XL,Light Green,Medium
889,J0048-TP-S,J0048,6.0,TOP,S,LIME GREEN,Medium
891,J0048-TP-XS,J0048,5.0,TOP,XS,LIME GREEN,Medium
898,J0049-TP-XS,J0049,8.0,TOP,XS,Beige,Medium
928,J0062-DR-XS,J0062,6.0,DRESS,XS,Multicolor,Medium
973,J0077-SKD-S,J0077,7.0,KURTA SET,S,Blue,Medium
975,J0077-SKD-XS,J0077,8.0,KURTA SET,XS,Blue,Medium
981,J0078-SET-XL,J0078,5.0,KURTA SET,XL,Pink,Medium
984,J0078-SET-XXXL,J0078,6.0,KURTA SET,XXXL,Pink,Medium
999,J0081-DR-L,J0081,10.0,DRESS,L,Black,Medium
1000,J0081-DR-M,J0081,8.0,DRESS,M,Black,Medium
1008,J0082-TP-S,J0082,8.0,CROP TOP,S,Black,Medium
1011,J0082-TP-XXL,J0082,5.0,CROP TOP,XXL,Black,Medium
1027,J0085-TP-M,J0085,6.0,CROP TOP,M,Blue,Medium
1028,J0085-TP-S,J0085,8.0,CROP TOP,S,Blue,Medium
1029,J0085-TP-XL,J0085,5.0,CROP TOP,XL,Blue,Medium
1030,J0085-TP-XS,J0085,5.0,CROP TOP,XS,Blue,Medium
1047,J0088-TP-L,J0088,8.0,CROP TOP,L,Pink,Medium
1049,J0088-TP-S,J0088,6.0,CROP TOP,S,Pink,Medium
1050,J0088-TP-XL,J0088,5.0,CROP TOP,XL,Pink,Medium
1051,J0088-TP-XS,J0088,6.0,CROP TOP,XS,Pink,Medium
1052,J0088-TP-XXL,J0088,5.0,CROP TOP,XXL,Pink,Medium
1056,J0089-TP-S,J0089,5.0,CROP TOP,S,Pink,Medium
1058,J0089-TP-XS,J0089,5.0,CROP TOP,XS,Pink,Medium
1060,J0089-TP-XXXL,J0089,6.0,CROP TOP,XXXL,Pink,Medium
1061,J0090-TP-L,J0090,7.0,TOP,L,Red,Medium
1065,J0090-TP-XS,J0090,8.0,TOP,XS,Red,Medium
1075,J0092-SET-L,J0092,5.0,KURTA SET,L,Blue,Medium
1090,J0094-KR-M,J0094,6.0,KURTA,M,Blue,Medium
1097,J0095-SET-M,J0095,9.0,KURTA SET,M,Blue,Medium
1113,J0097-KR-L,J0097,7.0,KURTA,L,Indigo,Medium
1115,J0097-KR-S,J0097,10.0,KURTA,S,Indigo,Medium
1118,J0097-KR-XXL,J0097,5.0,KURTA,XXL,Indigo,Medium
1124,J0098-TP-XS,J0098,7.0,TOP,XS,Mustard,Medium
1125,J0098-TP-XXL,J0098,5.0,TOP,XXL,Mustard,Medium
1142,J0101-DR-S,J0101,8.0,DRESS,S,Light Green,Medium
1145,J0101-DR-XXL,J0101,9.0,DRESS,XXL,Light Green,Medium
1146,J0101-DR-XXXL,J0101,5.0,DRESS,XXXL,Light Green,Medium
1152,J0102-SKD-XXL,J0102,8.0,KURTA SET,XXL,Purple,Medium
1170,J0105-KR-S,J0105,7.0,DRESS,S,OFF WHITE,Medium
1172,J0105-KR-XS,J0105,6.0,DRESS,XS,OFF WHITE,Medium
1173,J0105-KR-XXL,J0105,5.0,DRESS,XXL,OFF WHITE,Medium
1180,J0106-KR-XXL,J0106,7.0,DRESS,XXL,OFF WHITE,Medium
1189,J0109-SKD-L,J0109,5.0,KURTA SET,L,Black,Medium
1190,J0109-SKD-M,J0109,6.0,KURTA SET,M,Black,Medium
1194,J0109-SKD-XXL,J0109,6.0,KURTA SET,XXL,Black,Medium
1195,J0109-SKD-XXXL,J0109,6.0,KURTA SET,XXXL,Black,Medium
1206,J0111-TP-XL,J0111,7.0,TOP,XL,Green,Medium
1208,J0111-TP-XXL,J0111,5.0,TOP,XXL,Green,Medium
1214,J0112-TP-XS,J0112,5.0,TOP,XS,Green,Medium
1216,J0112-TP-XXXL,J0112,5.0,TOP,XXXL,Green,Medium
1233,J0115-TP-S,J0115,5.0,TOP,S,Red,Medium
1235,J0115-TP-XS,J0115,8.0,TOP,XS,Red,Medium
1298,J0124-TP-XS,J0124,6.0,TOP,XS,Cream,Medium
1302,J0126-SKD-M,J0126,10.0,KURTA SET,M,Blue,Medium
1308,J0127-SKD-L,J0127,6.0,KURTA SET,L,Multicolor,Medium
1310,J0127-SKD-S,J0127,8.0,KURTA SET,S,Multicolor,Medium
1311,J0127-SKD-XL,J0127,8.0,KURTA SET,XL,Multicolor,Medium
1326,J0130-SET-XS,J0130,5.0,KURTA SET,XS,Green,Medium
1340,J0132-KR-XS,J0132,6.0,KURTA,XS,Orange,Medium
1354,J0134-SET-XS,J0134,8.0,KURTA SET,XS,Cream,Medium
1365,J0136-KR-M,J0136,8.0,KURTA,M,Black,Medium
1367,J0136-KR-XL,J0136,7.0,KURTA,XL,Black,Medium
1374,J0137-SET-XL,J0137,5.0,KURTA SET,XL,White,Medium
1376,J0137-SET-XXL,J0137,9.0,KURTA SET,XXL,White,Medium
1382,J0138-KR-XS,J0138,5.0,KURTA,XS,Red,Medium
1385,J0139-KR-L,J0139,6.0,KURTA,L,Navy Blue,Medium
1387,J0139-KR-S,J0139,6.0,KURTA,S,Navy Blue,Medium
1388,J0139-KR-XL,J0139,6.0,KURTA,XL,Navy Blue,Medium
1389,J0139-KR-XS,J0139,8.0,KURTA,XS,Navy Blue,Medium
1407,J0142-KR-M,J0142,7.0,KURTA,M,Orange,Medium
1409,J0142-KR-XL,J0142,5.0,KURTA,XL,Orange,Medium
1448,J0148-SET-M,J0148,5.0,KURTA SET,M,Green,Medium
1450,J0148-SET-XL,J0148,9.0,KURTA SET,XL,Green,Medium
1451,J0148-SET-XS,J0148,9.0,KURTA SET,XS,Green,Medium
1452,J0148-SET-XXL,J0148,7.0,KURTA SET,XXL,Green,Medium
1458,J0149-KR-XS,J0149,5.0,KURTA,XS,White,Medium
1463,J0150-KR-S,J0150,7.0,KURTA,S,Black,Medium
1484,J0153-DR-S,J0153,6.0,DRESS,S,Green,Medium
1503,J0157-DR-L,J0157,9.0,DRESS,L,Black,Medium
1504,J0157-DR-M,J0157,5.0,DRESS,M,Black,Medium
1507,J0157-DR-XS,J0157,9.0,DRESS,XS,Black,Medium
1514,J0158-DR-XS,J0158,10.0,DRESS,XS,White,Medium
1552,J0164-DR-L,J0164,7.0,DRESS,L,Orange,Medium
1555,J0164-DR-XL,J0164,6.0,DRESS,XL,Orange,Medium
1568,J0166-DR-S,J0166,9.0,DRESS,S,Pink,Medium
1581,J0168-DR-M,J0168,5.0,DRESS,M,Sky Blue,Medium
1609,J0172-TP-M,J0172,7.0,TOP,M,Blue,Medium
1629,J0175-KR-L,J0175,7.0,KURTA,L,Maroon,Medium
1630,J0175-KR-M,J0175,9.0,KURTA,M,Maroon,Medium
1632,J0175-KR-XL,J0175,8.0,KURTA,XL,Maroon,Medium
1641,J0176-TP-XXL,J0176,7.0,TOP,XXL,Green,Medium
1645,J0177-KR-S,J0177,9.0,KURTA,S,Green,Medium
1657,J0179-KR-L,J0179,10.0,KURTA,L,Multicolor,Medium
1658,J0179-KR-M,J0179,5.0,KURTA,M,Multicolor,Medium
1660,J0179-KR-XL,J0179,6.0,KURTA,XL,Multicolor,Medium
1662,J0179-KR-XXL,J0179,7.0,KURTA,XXL,Multicolor,Medium
1663,J0179-KR-XXXL,J0179,6.0,KURTA,XXXL,Multicolor,Medium
1694,J0184-KR-S,J0184,5.0,KURTA,S,Orange,Medium
1695,J0184-KR-XL,J0184,8.0,KURTA,XL,Orange,Medium
1696,J0184-KR-XS,J0184,7.0,KURTA,XS,Orange,Medium
1698,J0184-KR-XXXL,J0184,5.0,KURTA,XXXL,Orange,Medium
1701,J0185-DR-S,J0185,6.0,DRESS,S,OFF WHITE,Medium
1703,J0185-DR-XS,J0185,8.0,DRESS,XS,OFF WHITE,Medium
1709,J0186-SET-XS,J0186,5.0,KURTA SET,XS,Black,Medium
1710,J0186-SET-XXL,J0186,6.0,KURTA SET,XXL,Black,Medium
1714,J0187-KR-S,J0187,9.0,KURTA,S,Black,Medium
1717,J0187-KR-XXL,J0187,5.0,KURTA,XXL,Black,Medium
1726,J0189-TP-L,J0189,10.0,TOP,L,Orange,Medium
1743,J0192-TP-XL,J0192,5.0,TOP,XL,Navy Blue,Medium
1755,J0194-DR-M,J0194,5.0,DRESS,M,Green,Medium
1757,J0194-DR-XL,J0194,5.0,DRESS,XL,Green,Medium
1766,J0195-TP-XXL,J0195,9.0,TOP,XXL,Maroon,Medium
1767,J0195-TP-XXXL,J0195,9.0,TOP,XXXL,Maroon,Medium
1770,J0196-TP-S,J0196,5.0,TOP,S,Green,Medium
1771,J0196-TP-XL,J0196,6.0,TOP,XL,Green,Medium
1777,J0197-TP-S,J0197,5.0,TOP,S,Blue,Medium
1787,J0198-TP-XXL,J0198,7.0,TOP,XXL,Navy Blue,Medium
1788,J0198-TP-XXXL,J0198,5.0,TOP,XXXL,Navy Blue,Medium
1802,J0201-TP-XXXL,J0201,6.0,TOP,XXXL,Teal,Medium
1805,J0202-TP-S,J0202,5.0,TOP,S,Blue,Medium
1808,J0202-TP-XXL,J0202,7.0,TOP,XXL,Blue,Medium
1821,J0204-TP-XS,J0204,5.0,TUNIC,XS,Mustard,Medium
1823,J0204-TP-XXXL,J0204,7.0,TUNIC,XXXL,Mustard,Medium
1826,J0205-TP-S,J0205,5.0,TOP,S,Peach,Medium
1828,J0205-TP-XS,J0205,7.0,TOP,XS,Peach,Medium
1829,J0205-TP-XXL,J0205,6.0,TOP,XXL,Peach,Medium
1837,J0207-DR-XXXL,J0207,10.0,DRESS,XXXL,Olive,Medium
1839,J0208-DR-M,J0208,5.0,DRESS,M,Peach,Medium
1840,J0208-DR-S,J0208,9.0,DRESS,S,Peach,Medium
1844,J0208-DR-XXXL,J0208,9.0,DRESS,XXXL,Peach,Medium
1855,J0210-DR-XL,J0210,5.0,DRESS,XL,Navy Blue,Medium
1856,J0210-DR-XS,J0210,6.0,DRESS,XS,Navy Blue,Medium
1857,J0210-DR-XXL,J0210,7.0,DRESS,XXL,Navy Blue,Medium
1861,J0211-DR-S,J0211,6.0,DRESS,S,Maroon,Medium
1863,J0211-DR-XS,J0211,8.0,DRESS,XS,Maroon,Medium
1866,J0212-DR-L,J0212,9.0,DRESS,L,Green,Medium
1869,J0212-DR-XL,J0212,5.0,DRESS,XL,Green,Medium
1871,J0212-DR-XXL,J0212,6.0,DRESS,XXL,Green,Medium
1878,J0213-TP-XXL,J0213,9.0,TOP,XXL,Mustard,Medium
1879,J0213-TP-XXXL,J0213,7.0,TOP,XXXL,Mustard,Medium
1880,J0214-TP-L,J0214,8.0,TOP,L,BURGUNDY,Medium
1886,J0214-TP-XXXL,J0214,10.0,TOP,XXXL,BURGUNDY,Medium
1895,J0216-BL-S,J0216,8.0,BLOUSE,S,Green,Medium
1919,J0223-SKD-XXXL,J0223,9.0,SET,XXXL,Purple,Medium
1971,J0232-SKD-S,J0232,8.0,KURTA SET,S,Multicolor,Medium
1974,J0232-SKD-XXL,J0232,10.0,KURTA SET,XXL,Multicolor,Medium
1983,J0234-SKD-L,J0234,6.0,KURTA SET,L,Mustard,Medium
1984,J0234-SKD-M,J0234,5.0,KURTA SET,M,Mustard,Medium
1985,J0234-SKD-S,J0234,6.0,KURTA SET,S,Mustard,Medium
1986,J0234-SKD-XL,J0234,8.0,KURTA SET,XL,Mustard,Medium
1988,J0234-SKD-XXL,J0234,6.0,KURTA SET,XXL,Mustard,Medium
1989,J0234-SKD-XXXL,J0234,7.0,KURTA SET,XXXL,Mustard,Medium
1997,J0236-SKD-L,J0236,5.0,KURTA SET,L,Pink,Medium
1999,J0236-SKD-S,J0236,7.0,KURTA SET,S,Pink,Medium
2002,J0236-SKD-XXL,J0236,6.0,KURTA SET,XXL,Pink,Medium
2004,J0237-SKD-L,J0237,6.0,KURTA SET,L,Orange,Medium
2006,J0237-SKD-S,J0237,6.0,KURTA SET,S,Orange,Medium
2010,J0237-SKD-XXXL,J0237,8.0,KURTA SET,XXXL,Orange,Medium
2011,J0238-LCD-L,J0238,5.0,LEHENGA CHOLI,L,White,Medium
2014,J0238-LCD-XL,J0238,7.0,LEHENGA CHOLI,XL,White,Medium
2017,J0238-LCD-XXXL,J0238,8.0,LEHENGA CHOLI,XXXL,White,Medium
2018,J0239-SKD-L,J0239,7.0,KURTA SET,L,OFF WHITE,Medium
2021,J0239-SKD-XL,J0239,5.0,KURTA SET,XL,OFF WHITE,Medium
2022,J0239-SKD-XS,J0239,6.0,KURTA SET,XS,OFF WHITE,Medium
2023,J0239-SKD-XXL,J0239,8.0,KURTA SET,XXL,OFF WHITE,Medium
2025,J0240-SKD-L,J0240,6.0,KURTA SET,L,OFF WHITE,Medium
2026,J0240-SKD-M,J0240,6.0,KURTA SET,M,OFF WHITE,Medium
2027,J0240-SKD-S,J0240,7.0,KURTA SET,S,OFF WHITE,Medium
2031,J0240-SKD-XXXL,J0240,10.0,KURTA SET,XXXL,OFF WHITE,Medium
2044,J0242-SKD-XXL,J0242,7.0,KURTA SET,XXL,OFF WHITE,Medium
2047,J0243-DR-M,J0243,5.0,DRESS,M,OFF WHITE,Medium
2051,J0243-DR-XXL,J0243,8.0,DRESS,XXL,OFF WHITE,Medium
2052,J0243-DR-XXXL,J0243,7.0,DRESS,XXXL,OFF WHITE,Medium
2055,J0244-SKD-S,J0244,7.0,KURTA SET,S,OFF WHITE,Medium
2056,J0244-SKD-XL,J0244,5.0,KURTA SET,XL,OFF WHITE,Medium
2059,J0244-SKD-XXXL,J0244,6.0,KURTA SET,XXXL,OFF WHITE,Medium
2063,J0245-SKD-XL,J0245,10.0,KURTA SET,XL,OFF WHITE,Medium
2066,J0245-SKD-XXXL,J0245,10.0,KURTA SET,XXXL,OFF WHITE,Medium
2082,J0248-KR-DPT-M,J0248,7.0,KURTA SET,M,Orange,Medium
2083,J0248-KR-DPT-S,J0248,6.0,KURTA SET,S,Orange,Medium
2086,J0248-KR-DPT-XXL,J0248,6.0,KURTA SET,XXL,Orange,Medium
2087,J0248-KR-DPT-XXXL,J0248,8.0,KURTA SET,XXXL,Orange,Medium
2095,J0250-SKD-L,J0250,9.0,KURTA SET,L,Olive,Medium
2096,J0250-SKD-M,J0250,8.0,KURTA SET,M,Olive,Medium
2098,J0250-SKD-XL,J0250,10.0,KURTA SET,XL,Olive,Medium
2102,J0251-SKD-L,J0251,7.0,KURTA SET,L,Mustard,Medium
2105,J0251-SKD-XL,J0251,7.0,KURTA SET,XL,Mustard,Medium
2113,J0252-SKD-XS,J0252,9.0,KURTA SET,XS,Orange,Medium
2114,J0252-SKD-XXL,J0252,6.0,KURTA SET,XXL,Orange,Medium
2115,J0252-SKD-XXXL,J0252,6.0,KURTA SET,XXXL,Orange,Medium
2116,J0254-SKD-L,J0254,5.0,KURTA SET,L,Wine,Medium
2117,J0254-SKD-M,J0254,6.0,KURTA SET,M,Wine,Medium
2119,J0254-SKD-XL,J0254,10.0,KURTA SET,XL,Wine,Medium
2122,J0254-SKD-XXXL,J0254,6.0,KURTA SET,XXXL,Wine,Medium
2157,J0277-SKD-L,J0277,6.0,KURTA SET,L,Gold,Medium
2160,J0277-SKD-XL,J0277,9.0,KURTA SET,XL,Gold,Medium
2166,J0278-SET-S,J0278,9.0,KURTA SET,S,Peach,Medium
2169,J0278-SET-XXL,J0278,5.0,KURTA SET,XXL,Peach,Medium
2170,J0278-SET-XXXL,J0278,9.0,KURTA SET,XXXL,Peach,Medium
2171,J0279-SET-L,J0279,8.0,KURTA SET,L,Light Green,Medium
2199,J0283-SET-L,J0283,10.0,KURTA SET,L,Grey,Medium
2200,J0283-SET-M,J0283,7.0,KURTA SET,M,Grey,Medium
2204,J0283-SET-XXL,J0283,5.0,KURTA SET,XXL,Grey,Medium
2208,J0284-SKD-S,J0284,5.0,KURTA SET,S,Sky Blue,Medium
2218,J0285-SKD-XXL,J0285,10.0,KURTA SET,XXL,Grey,Medium
2237,J0289-KR-S,J0289,5.0,KURTA,S,Black,Medium
2242,J0290-CD-S,J0290,6.0,CARDIGAN,S,Mustard,Medium
2246,J0291-JS-L,J0291,6.0,JUMPSUIT,L,White,Medium
2257,J0292-TP-XS,J0292,5.0,TOP,XS,OFF WHITE,Medium
2271,J0294-TP-XS,J0294,6.0,TOP,XS,OFF WHITE,Medium
2273,J0294-TP-XXXL,J0294,5.0,TOP,XXXL,OFF WHITE,Medium
2275,J0295-DR-M,J0295,7.0,DRESS,M,Black,Medium
2278,J0295-DR-XS,J0295,5.0,DRESS,XS,Black,Medium
2285,J0296-DR-XS,J0296,6.0,DRESS,XS,OFF WHITE,Medium
2303,J0299-KR-M,J0299,6.0,KURTA,M,Cream,Medium
2352,J0306-DR-M,J0306,5.0,DRESS,M,Red,Medium
2354,J0306-DR-XL,J0306,5.0,DRESS,XL,Red,Medium
2357,J0306-DR-XXXL,J0306,7.0,DRESS,XXXL,Red,Medium
2358,J0307-TP-L,J0307,5.0,TOP,L,Multicolor,Medium
2364,J0307-TP-XXXL,J0307,8.0,TOP,XXXL,Multicolor,Medium
2385,J0314-KR-L,J0314,5.0,KURTA,L,Multicolor,Medium
2394,J0315-KR-XXL,J0315,6.0,KURTA,XXL,Grey,Medium
2398,J0317-KR-XL,J0317,6.0,KURTA,XL,Red,Medium
2429,J0323-CD-M,J0323,5.0,CARDIGAN,M,Cream,Medium
2451,J0329-KR-XXL,J0329,6.0,KURTA,XXL,Yellow,Medium
2452,J0329-KR-XXXL,J0329,7.0,KURTA,XXXL,Yellow,Medium
2453,J0330-KR-L,J0330,6.0,KURTA,L,Blue,Medium
2454,J0330-KR-M,J0330,8.0,KURTA,M,Blue,Medium
2455,J0330-KR-S,J0330,6.0,KURTA,S,Blue,Medium
2457,J0330-KR-XS,J0330,5.0,KURTA,XS,Blue,Medium
2476,J0333-DR-S,J0333,5.0,DRESS,S,Blue,Medium
2483,J0334-TP-S,J0334,5.0,TOP,S,Orange,Medium
2494,J0335-DR-XXXL,J0335,6.0,DRESS,XXXL,Orange,Medium
2516,J0339-DR-L,J0339,5.0,DRESS,L,Green,Medium
2522,J0339-DR-XXXL,J0339,10.0,DRESS,XXXL,Green,Medium
2551,J0343-DR-XXXL,J0343,7.0,DRESS,XXXL,Navy Blue,Medium
2562,J0345-SET-XL,J0345,8.0,SET,XL,Cream,Medium
2566,J0346-SET-L,J0346,6.0,SET,L,Cream,Medium
2569,J0346-SET-XL,J0346,5.0,SET,XL,Cream,Medium
2576,J0347-SET-XL,J0347,6.0,SET,XL,Black,Medium
2580,J0348-SET-L,J0348,7.0,SET,L,Mustard,Medium
2600,J0350-SET-XXXL,J0350,10.0,SET,XXXL,Cream,Medium
2617,J0353-KR-XXL,J0353,9.0,KURTA,XXL,Peach,Medium
2628,J0355-KR-XXL,J0355,6.0,KURTA,XXL,Blue,Medium
2630,J0369-SKD-M,J0369,5.0,KURTA SET,M,Grey,Medium
2631,J0369-SKD-S,J0369,7.0,KURTA SET,S,Grey,Medium
2647,J0371-SKD-XS,J0371,6.0,KURTA SET,XS,Teal,Medium
2657,J0373-KR-L,J0373,5.0,KURTA,L,Orange,Medium
2663,J0373-KR-XXXL,J0373,8.0,KURTA,XXXL,Orange,Medium
2667,J0374-KR-XL,J0374,5.0,KURTA,XL,Green,Medium
2669,J0374-KR-XXL,J0374,5.0,KURTA,XXL,Green,Medium
2670,J0374-KR-XXXL,J0374,7.0,KURTA,XXXL,Green,Medium
2680,J0376-SKD-S,J0376,7.0,KURTA,S,Pink,Medium
2681,J0376-SKD-XL,J0376,9.0,KURTA,XL,Pink,Medium
2682,J0376-SKD-XS,J0376,5.0,KURTA,XS,Pink,Medium
2685,J0377-SKD-L,J0377,7.0,SET,L,Beige,Medium
2700,J0379-SKD-M,J0379,7.0,SET,M,Green,Medium
2720,J0382-SKD-L,J0382,10.0,SET,L,Grey,Medium
2727,J0385-KR-L,J0385,10.0,KURTA,L,Red,Medium
2728,J0385-KR-M,J0385,5.0,KURTA,M,Red,Medium
2738,J0386-KR-XS,J0386,6.0,KURTA,XS,Rust,Medium
2767,J0391-TP-XXL,J0391,10.0,TOP,XXL,Green,Medium
2785,J0396-DR-S,J0396,6.0,DRESS,S,Yellow,Medium
2788,J0396-DR-XXL,J0396,7.0,DRESS,XXL,Yellow,Medium
2791,J0397-DR-M,J0397,6.0,DRESS,M,Red,Medium
2793,J0397-DR-XL,J0397,7.0,DRESS,XL,Red,Medium
2806,J0399-DR-XL,J0399,5.0,DRESS,XL,Rust,Medium
2808,J0399-DR-XXL,J0399,9.0,DRESS,XXL,Rust,Medium
2814,J0400-DR-XS,J0400,10.0,DRESS,XS,Sea Green,Medium
2819,J0401-DR-S,J0401,6.0,DRESS,S,Yellow,Medium
2821,J0401-DR-XS,J0401,5.0,DRESS,XS,Yellow,Medium
2832,J0413-DR-S,J0413,5.0,DRESS,S,MINT GREEN,Medium
2835,J0413-DR-XXL,J0413,7.0,DRESS,XXL,MINT GREEN,Medium
2849,J0415-DR-XXXL,J0415,7.0,DRESS,XXXL,CORAL PINK,Medium
2855,J0416-DR-XXL,J0416,9.0,DRESS,XXL,Pink,Medium
2857,J0417-TP-M,J0417,8.0,TOP,M,Sea Green,Medium
2959,JAN8604-KR-L,JAN8604,6.0,DRESS,L,Sky Blue,Medium
2960,JAN8604-KR-M,JAN8604,5.0,DRESS,M,Sky Blue,Medium
2962,JAN8604-KR-XL,JAN8604,8.0,DRESS,XL,Sky Blue,Medium
2969,JAN8606-TP-L,JAN8606,5.0,TOP,L,Red,Medium
2970,JAN8606-TP-M,JAN8606,5.0,TOP,M,Red,Medium
2972,JAN8606-TP-XL,JAN8606,6.0,TOP,XL,Red,Medium
2973,JAN8606-TP-XXL,JAN8606,5.0,TOP,XXL,Red,Medium
2979,JAN8608-KR-L,JAN8608,9.0,KURTA,L,Beige,Medium
2980,JAN8608-KR-M,JAN8608,9.0,KURTA,M,Beige,Medium
2981,JAN8608-KR-S,JAN8608,5.0,KURTA,S,Beige,Medium
2982,JAN8608-KR-XL,JAN8608,10.0,KURTA,XL,Beige,Medium
2984,JAN8609-KR-NP-L,JAN8609,9.0,SET,L,Yellow,Medium
2985,JAN8609-KR-NP-M,JAN8609,9.0,SET,M,Yellow,Medium
2986,JAN8609-KR-NP-S,JAN8609,5.0,SET,S,Yellow,Medium
2989,JAN8610-KR-NP-L,JAN8610,10.0,SET,L,Green,Medium
2990,JAN8610-KR-NP-M,JAN8610,9.0,SET,M,Green,Medium
2992,JAN8610-KR-NP-XL,JAN8610,9.0,SET,XL,Green,Medium
2993,JAN8610-KR-NP-XXL,JAN8610,8.0,SET,XXL,Green,Medium
2996,JAN8611-KR-NP-S,JAN8611,6.0,SET,S,Turquoise Green,Medium
2999,JAN8612-KR-NP-L,JAN8612,9.0,SET,L,Yellow,Medium
3001,JAN8612-KR-NP-S,JAN8612,5.0,SET,S,Yellow,Medium
3004,JAN8613-TP-L,JAN8613,10.0,TOP,L,White,Medium
3005,JAN8613-TP-M,JAN8613,9.0,TOP,M,White,Medium
3006,JAN8613-TP-S,JAN8613,5.0,TOP,S,White,Medium
3007,JAN8613-TP-XL,JAN8613,10.0,TOP,XL,White,Medium
3008,JAN8613-TP-XXL,JAN8613,6.0,TOP,XXL,White,Medium
3012,JAN8614-TP-XL,JAN8614,5.0,TOP,XL,Green,Medium
3013,JAN8614-TP-XXL,JAN8614,5.0,TOP,XXL,Green,Medium
3016,JAN8615-TP-S,JAN8615,9.0,TOP,S,Blue,Medium
3020,JAN8616-TP-M,JAN8616,9.0,TOP,M,Yellow,Medium
3023,JAN8616-TP-XXL,JAN8616,7.0,TOP,XXL,Yellow,Medium
3024,JAN8617-KR-L,JAN8617,8.0,KURTA,L,Peach,Medium
3025,JAN8617-KR-M,JAN8617,7.0,KURTA,M,Peach,Medium
3027,JAN8617-KR-XL,JAN8617,5.0,KURTA,XL,Peach,Medium
3028,JAN8617-KR-XXL,JAN8617,5.0,KURTA,XXL,Peach,Medium
3029,JAN8618-DR-L,JAN8618,10.0,DRESS,L,Blue,Medium
3030,JAN8618-DR-M,JAN8618,8.0,DRESS,M,Blue,Medium
3032,JAN8618-DR-XL,JAN8618,7.0,DRESS,XL,Blue,Medium
3037,JAN8619-KR-XL,JAN8619,5.0,KURTA,XL,Red,Medium
3041,JAN8620-KR-S,JAN8620,6.0,KURTA,S,Sky Blue,Medium
3044,JAN8621-DR-L,JAN8621,10.0,DRESS,L,Beige,Medium
3045,JAN8621-DR-M,JAN8621,10.0,DRESS,M,Beige,Medium
3055,JAN8623-DR-M,JAN8623,6.0,DRESS,M,Teal,Medium
3057,JAN8623-DR-XL,JAN8623,5.0,DRESS,XL,Teal,Medium
3059,JAN8624-DR-L,JAN8624,10.0,DRESS,L,White,Medium
3060,JAN8624-DR-M,JAN8624,6.0,DRESS,M,White,Medium
3063,JAN8624-DR-XXL,JAN8624,6.0,DRESS,XXL,White,Medium
3081,JAN8633-KR-NP-S,JAN8633,10.0,SET,S,Maroon,Medium
3098,JAN8636-KR-NP-XXL,JAN8636,6.0,SET,XXL,Grey,Medium
3099,JAN8637-KR-NP-L,JAN8637,7.0,SET,L,BURGUNDY,Medium
3100,JAN8637-KR-NP-M,JAN8637,9.0,SET,M,BURGUNDY,Medium
3104,JAN8638-KR-NP-L,JAN8638,8.0,SET,L,Green,Medium
3105,JAN8638-KR-NP-M,JAN8638,6.0,SET,M,Green,Medium
3107,JAN8638-KR-NP-XL,JAN8638,9.0,SET,XL,Green,Medium
3109,JAN8639-KR-NP-L,JAN8639,9.0,SET,L,Teal,Medium
3111,JAN8639-KR-NP-S,JAN8639,5.0,SET,S,Teal,Medium
3131,JAN8643-KR-S,JAN8643,6.0,KURTA,S,Teal,Medium
3132,JAN8643-KR-XL,JAN8643,10.0,KURTA,XL,Teal,Medium
3133,JAN8643-KR-XXL,JAN8643,5.0,KURTA,XXL,Teal,Medium
3136,JAN8644-TP-S,JAN8644,6.0,TOP,S,Black,Medium
3138,JAN8644-TP-XXL,JAN8644,8.0,TOP,XXL,Black,Medium
3139,JAN8645-DR-L,JAN8645,5.0,DRESS,L,White,Medium
3142,JAN8645-DR-XL,JAN8645,9.0,DRESS,XL,White,Medium
3149,JAN8652-KR-NP-L,JAN8652,10.0,SET,L,Green,Medium
3150,JAN8652-KR-NP-M,JAN8652,7.0,SET,M,Green,Medium
3151,JAN8652-KR-NP-S,JAN8652,5.0,SET,S,Green,Medium
3153,JAN8652-KR-NP-XXL,JAN8652,10.0,SET,XXL,Green,Medium
3158,JAN8653-TP-XXL,JAN8653,5.0,TOP,XXL,White,Medium
3159,JAN8654-KR-L,JAN8654,5.0,KURTA,L,Mustard,Medium
3162,JAN8654-KR-XL,JAN8654,8.0,KURTA,XL,Mustard,Medium
3164,JAN8655-DR-L,JAN8655,8.0,DRESS,L,Cream,Medium
3167,JAN8655-DR-XL,JAN8655,7.0,DRESS,XL,Cream,Medium
3169,JAN8656-KR-NP-L,JAN8656,6.0,SET,L,Green,Medium
3171,JAN8656-KR-NP-S,JAN8656,9.0,SET,S,Green,Medium
3172,JAN8656-KR-NP-XL,JAN8656,6.0,SET,XL,Green,Medium
3173,JAN8656-KR-NP-XXL,JAN8656,7.0,SET,XXL,Green,Medium
3174,JAN8657-TP-L,JAN8657,6.0,TOP,L,Brown,Medium
3184,JAN8659-KR-NP-L,JAN8659,10.0,SET,L,Green,Medium
3185,JAN8659-KR-NP-M,JAN8659,8.0,SET,M,Green,Medium
3186,JAN8659-KR-NP-S,JAN8659,6.0,SET,S,Green,Medium
3187,JAN8659-KR-NP-XL,JAN8659,10.0,SET,XL,Green,Medium
3188,JAN8659-KR-NP-XXL,JAN8659,6.0,SET,XXL,Green,Medium
3190,JAN8660-KR-NP-M,JAN8660,5.0,SET,M,White,Medium
3192,JAN8660-KR-NP-XL,JAN8660,6.0,SET,XL,White,Medium
3195,JAN8661-KR-NP-M,JAN8661,5.0,SET,M,Red,Medium
3204,JAN8663-TP-L,JAN8663,9.0,TOP,L,White,Medium
3205,JAN8663-TP-M,JAN8663,7.0,TOP,M,White,Medium
3206,JAN8663-TP-S,JAN8663,8.0,TOP,S,White,Medium
3207,JAN8663-TP-XL,JAN8663,6.0,TOP,XL,White,Medium
3212,JAN8664-TP-XL,JAN8664,5.0,TOP,XL,Sky Blue,Medium
3213,JAN8664-TP-XXL,JAN8664,5.0,TOP,XXL,Sky Blue,Medium
3221,JAN8666-TP-S,JAN8666,7.0,TOP,S,Green,Medium
3222,JAN8666-TP-XL,JAN8666,5.0,TOP,XL,Green,Medium
3223,JAN8666-TP-XXL,JAN8666,8.0,TOP,XXL,Green,Medium
3242,JAN8670-DR-XL,JAN8670,6.0,DRESS,XL,Blue,Medium
3246,JAN8676-KR-S,JAN8676,5.0,KURTA,S,Mustard,Medium
3256,JAN8678-KR-S,JAN8678,5.0,KURTA,S,Pink,Medium
3262,JAN8679-KR-XL,JAN8679,7.0,KURTA,XL,Pink,Medium
3263,JAN8679-KR-XXL,JAN8679,9.0,KURTA,XXL,Pink,Medium
3264,JAN8680-KR-L,JAN8680,5.0,KURTA,L,Blue,Medium
3287,JNE1234-MULTI-KR-032-S,JNE1234,8.0,KURTA,S,Multicolor,Medium
3288,JNE1234-MULTI-KR-032-XL,JNE1234,8.0,KURTA,XL,Multicolor,Medium
3308,JNE1906-KR-031-M,JNE1906,10.0,KURTA,M,Black,Medium
3310,JNE1906-KR-031-XL,JNE1906,10.0,KURTA,XL,Black,Medium
3312,JNE1906-KR-031-XXL,JNE1906,7.0,KURTA,XXL,Black,Medium
3314,JNE1951-KR-155-L,JNE1951,5.0,KURTA,L,Green,Medium
3315,JNE1951-KR-155-M,JNE1951,8.0,KURTA,M,Green,Medium
3328,JNE1977-KR-237-L,JNE1977,8.0,KURTA,L,Peach,Medium
3332,JNE1977-KR-237-XS,JNE1977,6.0,KURTA,XS,Peach,Medium
3343,JNE1998-KR-311-M,JNE1998,8.0,KURTA,M,Multicolor,Medium
3347,JNE1998-KR-311-XXL,JNE1998,5.0,KURTA,XXL,Multicolor,Medium
3349,JNE2009-KR-310-M,JNE2009,10.0,KURTA,M,Brown,Medium
3350,JNE2009-KR-310-S,JNE2009,10.0,KURTA,S,Brown,Medium
3364,JNE2032-KR-205-XL,JNE2032,6.0,KURTA,XL,Teal,Medium
3369,JNE2041-KR-297-M,JNE2041,6.0,KURTA,M,Red,Medium
3370,JNE2041-KR-297-S,JNE2041,6.0,KURTA,S,Red,Medium
3372,JNE2041-KR-297-XS,JNE2041,5.0,KURTA,XS,Red,Medium
3389,JNE2100-KR-144-L,JNE2100,8.0,KURTA,L,Teal,Medium
3390,JNE2100-KR-144-M,JNE2100,8.0,KURTA,M,Teal,Medium
3394,JNE2100-KR-144-XXL,JNE2100,8.0,KURTA,XXL,Teal,Medium
3406,JNE2113-KR-381-XL,JNE2113,5.0,KURTA,XL,Multicolor,Medium
3407,JNE2113-KR-381-XXL,JNE2113,6.0,KURTA,XXL,Multicolor,Medium
3408,JNE2114-KR-340-XL,JNE2114,9.0,KURTA,XL,Red,Medium
3409,JNE2131-KR-A-L,JNE2131,6.0,KURTA,L,Multicolor,Medium
3410,JNE2131-KR-A-M,JNE2131,6.0,KURTA,M,Multicolor,Medium
3411,JNE2131-KR-A-S,JNE2131,10.0,KURTA,S,Multicolor,Medium
3412,JNE2131-KR-A-XL,JNE2131,6.0,KURTA,XL,Multicolor,Medium
3413,JNE2131-KR-A-XS,JNE2131,8.0,KURTA,XS,Multicolor,Medium
3414,JNE2131-KR-A-XXL,JNE2131,7.0,KURTA,XXL,Multicolor,Medium
3415,JNE2131-KR-A-XXXL,JNE2131,8.0,KURTA,XXXL,Multicolor,Medium
3421,JNE2132-KR-398-XXL,JNE2132,9.0,KURTA,XXL,Pink,Medium
3422,JNE2132-KR-398-XXXL,JNE2132,5.0,KURTA,XXXL,Pink,Medium
3431,JNE2153-KR-278-M,JNE2153,5.0,KURTA,M,Sea Green,Medium
3444,JNE2171-KR-437-L,JNE2171,5.0,KURTA,L,White,Medium
3445,JNE2171-KR-437-M,JNE2171,5.0,KURTA,M,White,Medium
3456,JNE2199-KR-411-XS,JNE2199,6.0,KURTA,XS,Pink,Medium
3463,JNE2205-KR-467-XS,JNE2205,8.0,KURTA,XS,Light Green,Medium
3464,JNE2205-KR-467-XXL,JNE2205,7.0,KURTA,XXL,Light Green,Medium
3477,JNE2265-KR-501-M,JNE2265,8.0,KURTA,M,Purple,Medium
3478,JNE2265-KR-501-S,JNE2265,5.0,KURTA,S,Purple,Medium
3485,JNE2266-KR-490-S,JNE2266,5.0,KURTA,S,Black,Medium
3488,JNE2266-KR-490-XXL,JNE2266,6.0,KURTA,XXL,Black,Medium
3502,JNE2291-KR-602-L,JNE2291,6.0,KURTA,L,Mustard,Medium
3508,JNE2291-KR-602-XXXL,JNE2291,10.0,KURTA,XXXL,Mustard,Medium
3510,JNE2294-KR-A-M,JNE2294,8.0,KURTA,M,Yellow,Medium
3511,JNE2294-KR-A-S,JNE2294,8.0,KURTA,S,Yellow,Medium
3512,JNE2294-KR-A-XL,JNE2294,6.0,KURTA,XL,Yellow,Medium
3513,JNE2294-KR-A-XS,JNE2294,9.0,KURTA,XS,Yellow,Medium
3528,JNE3030-KR-L,JNE3030,7.0,KURTA,L,Maroon,Medium
3531,JNE3030-KR-XL,JNE3030,5.0,KURTA,XL,Maroon,Medium
3536,JNE3042-KR-M,JNE3042,7.0,KURTA,M,Grey,Medium
3539,JNE3042-KR-XS,JNE3042,6.0,KURTA,XS,Grey,Medium
3540,JNE3042-KR-XXL,JNE3042,5.0,KURTA,XXL,Grey,Medium
3542,JNE3065-KR-L,JNE3065,8.0,KURTA,L,Turquoise Blue,Medium
3545,JNE3065-KR-XL,JNE3065,7.0,KURTA,XL,Turquoise Blue,Medium
3553,JNE3068-KR-XL,JNE3068,9.0,KURTA,XL,Black,Medium
3579,JNE3252-KR-L,JNE3252,5.0,KURTA,L,Pink,Medium
3581,JNE3252-KR-S,JNE3252,8.0,KURTA,S,Pink,Medium
3583,JNE3252-KR-XS,JNE3252,10.0,KURTA,XS,Pink,Medium
3584,JNE3252-KR-XXL,JNE3252,5.0,KURTA,XXL,Pink,Medium
3585,JNE3252-KR-XXXL,JNE3252,10.0,KURTA,XXXL,Pink,Medium
3596,JNE3255-KR-XXL,JNE3255,8.0,KURTA,XXL,Maroon,Medium
3597,JNE3255-KR-XXXL,JNE3255,6.0,KURTA,XXXL,Maroon,Medium
3605,JNE3257-KR-L,JNE3257,8.0,KURTA,L,Magenta,Medium
3606,JNE3257-KR-M,JNE3257,9.0,KURTA,M,Magenta,Medium
3609,JNE3257-KR-XXL,JNE3257,9.0,KURTA,XXL,Magenta,Medium
3614,JNE3261-KR-XS,JNE3261,5.0,KURTA,XS,Peach,Medium
3618,JNE3265-KR-L,JNE3265,8.0,KURTA,L,Light Green,Medium
3619,JNE3265-KR-M,JNE3265,6.0,KURTA,M,Light Green,Medium
3632,JNE3273-KR-S,JNE3273,6.0,KURTA,S,Maroon,Medium
3646,JNE3284-KR-S,JNE3284,7.0,KURTA,S,Peach,Medium
3648,JNE3284-KR-XXL,JNE3284,5.0,KURTA,XXL,Peach,Medium
3653,JNE3288-KR-XS,JNE3288,8.0,KURTA,XS,Pink,Medium
3660,JNE3291-KR-XS,JNE3291,8.0,KURTA,XS,Light Green,Medium
3663,JNE3294-KR-L,JNE3294,5.0,KURTA,L,Yellow,Medium
3666,JNE3294-KR-XL,JNE3294,7.0,KURTA,XL,Yellow,Medium
3668,JNE3294-KR-XXL,JNE3294,5.0,KURTA,XXL,Yellow,Medium
3669,JNE3294-KR-XXXL,JNE3294,5.0,KURTA,XXXL,Yellow,Medium
3683,JNE3313-KR-XXXL,JNE3313,9.0,KURTA,XXXL,Black,Medium
3689,JNE3323-KR-XXL,JNE3323,7.0,KURTA,XXL,Teal,Medium
3692,JNE3334-KR-L,JNE3334,6.0,KURTA,L,Black,Medium
3695,JNE3334-KR-XL,JNE3334,6.0,KURTA,XL,Black,Medium
3698,JNE3336-KR-M,JNE3336,5.0,KURTA,M,Sky Blue,Medium
3701,JNE3336-KR-XS,JNE3336,9.0,KURTA,XS,Sky Blue,Medium
3712,JNE3338-KR-XL,JNE3338,5.0,KURTA,XL,Grey,Medium
3713,JNE3338-KR-XXL,JNE3338,9.0,KURTA,XXL,Grey,Medium
3714,JNE3348-KR-L,JNE3348,10.0,KURTA,L,Pink,Medium
3746,JNE3359-KR-L,JNE3359,7.0,KURTA,L,Grey,Medium
3747,JNE3359-KR-M,JNE3359,7.0,KURTA,M,Grey,Medium
3760,JNE3363-KR-1032-XXXL,JNE3363,10.0,KURTA,XXXL,Dark Blue,Medium
3769,JNE3365-KR-1052-M,JNE3365,6.0,KURTA,M,Mustard,Medium
3770,JNE3365-KR-1052-S,JNE3365,10.0,KURTA,S,Mustard,Medium
3771,JNE3365-KR-1052-XL,JNE3365,10.0,KURTA,XL,Mustard,Medium
3790,JNE3369-KR-L,JNE3369,9.0,KURTA,L,Black,Medium
3796,JNE3369-KR-XXXL,JNE3369,8.0,KURTA,XXXL,Black,Medium
3803,JNE3371-KR-M,JNE3371,7.0,KURTA,M,Light Green,Medium
3806,JNE3371-KR-XS,JNE3371,7.0,KURTA,XS,Light Green,Medium
3823,JNE3376-KR-L,JNE3376,7.0,KURTA,L,Mustard,Medium
3829,JNE3376-KR-XXXL,JNE3376,6.0,KURTA,XXXL,Mustard,Medium
3837,JNE3384-KR-L,JNE3384,6.0,KURTA,L,Turquoise Blue,Medium
3838,JNE3384-KR-M,JNE3384,7.0,KURTA,M,Turquoise Blue,Medium
3841,JNE3384-KR-XS,JNE3384,8.0,KURTA,XS,Turquoise Blue,Medium
3842,JNE3384-KR-XXL,JNE3384,6.0,KURTA,XXL,Turquoise Blue,Medium
3843,JNE3384-KR-XXXL,JNE3384,7.0,KURTA,XXXL,Turquoise Blue,Medium
3861,JNE3389-KR-XS,JNE3389,6.0,KURTA,XS,Blue,Medium
3872,JNE3391-KR-S,JNE3391,6.0,KURTA,S,Pink,Medium
3896,JNE3396-KR-XXL,JNE3396,7.0,KURTA,XXL,Brown,Medium
3902,JNE3398-KR-XS,JNE3398,7.0,KURTA,XS,Yellow,Medium
3913,JNE3400-KR-S,JNE3400,5.0,KURTA,S,Brown,Medium
3922,JNE3401-KR-XS,JNE3401,8.0,KURTA,XS,Brown,Medium
3927,JNE3403-KR-S,JNE3403,8.0,KURTA,S,Maroon,Medium
3939,JNE3404-KR-XXL,JNE3404,6.0,KURTA,XXL,Wine,Medium
3978,JNE3415-KR-L,JNE3415,6.0,KURTA,L,Red,Medium
3982,JNE3415-KR-XS,JNE3415,10.0,KURTA,XS,Red,Medium
3989,JNE3416-KR-XS,JNE3416,6.0,KURTA,XS,Brown,Medium
3996,JNE3420-KR-L,JNE3420,5.0,KURTA,L,Pink,Medium
3997,JNE3420-KR-M,JNE3420,6.0,KURTA,M,Pink,Medium
3998,JNE3420-KR-S,JNE3420,9.0,KURTA,S,Pink,Medium
4005,JNE3421-KR-M,JNE3421,10.0,KURTA,M,Grey,Medium
4007,JNE3421-KR-XL,JNE3421,8.0,KURTA,XL,Grey,Medium
4011,JNE3422-KR-M,JNE3422,6.0,KURTA,M,Pink,Medium
4012,JNE3422-KR-S,JNE3422,7.0,KURTA,S,Pink,Medium
4015,JNE3422-KR-XXL,JNE3422,5.0,KURTA,XXL,Pink,Medium
4020,JNE3423-KR-S,JNE3423,5.0,KURTA,S,Black,Medium
4022,JNE3423-KR-XS,JNE3423,10.0,KURTA,XS,Black,Medium
4026,JNE3424-KR-M,JNE3424,10.0,KURTA,M,Blue,Medium
4038,JNE3425-KR-XXXL,JNE3425,5.0,KURTA,XXXL,Pink,Medium
4045,JNE3427-KR-S,JNE3427,5.0,KURTA,S,Grey,Medium
4046,JNE3427-KR-XL,JNE3427,5.0,KURTA,XL,Grey,Medium
4052,JNE3428-KR-S,JNE3428,9.0,KURTA,S,Dark Blue,Medium
4057,JNE3429-KR-L,JNE3429,10.0,KURTA,L,Light Green,Medium
4061,JNE3429-KR-XS,JNE3429,7.0,KURTA,XS,Light Green,Medium
4065,JNE3430-KR-M,JNE3430,9.0,KURTA,M,Yellow,Medium
4067,JNE3430-KR-XL,JNE3430,8.0,KURTA,XL,Yellow,Medium
4074,JNE3431-KR-XS,JNE3431,8.0,KURTA,XS,Maroon,Medium
4075,JNE3431-KR-XXL,JNE3431,5.0,KURTA,XXL,Maroon,Medium
4079,JNE3432-KR-S,JNE3432,5.0,KURTA,S,Red,Medium
4080,JNE3432-KR-XL,JNE3432,8.0,KURTA,XL,Red,Medium
4085,JNE3434-KR-M,JNE3434,5.0,KURTA,M,Mustard,Medium
4086,JNE3434-KR-S,JNE3434,6.0,KURTA,S,Mustard,Medium
4087,JNE3434-KR-XL,JNE3434,5.0,KURTA,XL,Mustard,Medium
4088,JNE3434-KR-XS,JNE3434,6.0,KURTA,XS,Mustard,Medium
4098,JNE3436-KR-L,JNE3436,5.0,KURTA,L,White,Medium
4101,JNE3436-KR-XL,JNE3436,5.0,KURTA,XL,White,Medium
4104,JNE3436-KR-XXxL,JNE3436,5.0,KURTA,XXXL,White,Medium
4113,JNE3438-KR-M,JNE3438,7.0,KURTA,M,Light Green,Medium
4116,JNE3438-KR-XS,JNE3438,7.0,KURTA,XS,Light Green,Medium
4117,JNE3438-KR-XXL,JNE3438,6.0,KURTA,XXL,Light Green,Medium
4157,JNE3445-KR-XS,JNE3445,7.0,KURTA,XS,White,Medium
4158,JNE3445-KR-XXL,JNE3445,7.0,KURTA,XXL,White,Medium
4169,JNE3447-KR-S,JNE3447,8.0,KURTA,S,Beige,Medium
4176,JNE3449-KR-S,JNE3449,7.0,KURTA,S,Black,Medium
4177,JNE3449-KR-XL,JNE3449,5.0,KURTA,XL,Black,Medium
4178,JNE3449-KR-XS,JNE3449,7.0,KURTA,XS,Black,Medium
4181,JNE3450-KR-L,JNE3450,6.0,KURTA,L,Pink,Medium
4182,JNE3450-KR-M,JNE3450,7.0,KURTA,M,Pink,Medium
4194,JNE3451-KR-XXXL,JNE3451,6.0,KURTA,XXXL,Light Pink,Medium
4196,JNE3452-KR-M,JNE3452,6.0,KURTA,M,Navy Blue,Medium
4199,JNE3452-KR-XS,JNE3452,7.0,KURTA,XS,Navy Blue,Medium
4200,JNE3452-KR-XXL,JNE3452,7.0,KURTA,XXL,Navy Blue,Medium
4214,JNE3454-KR-XXXL,JNE3454,9.0,KURTA,XXXL,Peach,Medium
4215,JNE3455-KR-L,JNE3455,7.0,KURTA,L,Black,Medium
4224,JNE3456-KR-S,JNE3456,5.0,KURTA,S,Brown,Medium
4225,JNE3456-KR-XL,JNE3456,5.0,KURTA,XL,Brown,Medium
4239,JNE3458-KR-XL,JNE3458,5.0,KURTA,XL,Brown,Medium
4242,JNE3458-KR-XXXL,JNE3458,9.0,KURTA,XXXL,Brown,Medium
4245,JNE3459-KR-S,JNE3459,8.0,KURTA,S,Navy Blue,Medium
4248,JNE3459-KR-XXL,JNE3459,6.0,KURTA,XXL,Navy Blue,Medium
4249,JNE3459-KR-XXXL,JNE3459,5.0,KURTA,XXXL,Navy Blue,Medium
4257,JNE3461-KR-M,JNE3461,5.0,KURTA,M,Teal,Medium
4279,JNE3464-KR-XL,JNE3464,6.0,KURTA,XL,Teal,Medium
4296,JNE3467-KR-M,JNE3467,5.0,KURTA,M,Black,Medium
4299,JNE3467-KR-XS,JNE3467,9.0,KURTA,XS,Black,Medium
4330,JNE3472-KR-S,JNE3472,7.0,KURTA,S,Maroon,Medium
4332,JNE3472-KR-XS,JNE3472,6.0,KURTA,XS,Maroon,Medium
4340,JNE3473-KR-XXXL,JNE3473,5.0,KURTA,XXXL,Light Green,Medium
4348,JNE3475-KR-L,JNE3475,7.0,KURTA,L,Powder Blue,Medium
4349,JNE3475-KR-M,JNE3475,8.0,KURTA,M,Powder Blue,Medium
4353,JNE3475-KR-XXL,JNE3475,8.0,KURTA,XXL,Powder Blue,Medium
4356,JNE3476-KR-M,JNE3476,9.0,KURTA,M,Peach,Medium
4359,JNE3476-KR-XS,JNE3476,10.0,KURTA,XS,Peach,Medium
4360,JNE3476-KR-XXL,JNE3476,6.0,KURTA,XXL,Peach,Medium
4362,JNE3477-KR-L,JNE3477,8.0,KURTA,L,Peach,Medium
4363,JNE3477-KR-M,JNE3477,8.0,KURTA,M,Peach,Medium
4368,JNE3479-KR-L,JNE3479,7.0,KURTA,L,Black,Medium
4369,JNE3479-KR-M,JNE3479,6.0,KURTA,M,Black,Medium
4375,JNE3480-KR-L,JNE3480,6.0,KURTA,L,Pink,Medium
4376,JNE3480-KR-M,JNE3480,6.0,KURTA,M,Pink,Medium
4377,JNE3480-KR-S,JNE3480,7.0,KURTA,S,Pink,Medium
4378,JNE3480-KR-XL,JNE3480,5.0,KURTA,XL,Pink,Medium
4379,JNE3480-KR-XS,JNE3480,8.0,KURTA,XS,Pink,Medium
4380,JNE3480-KR-XXL,JNE3480,5.0,KURTA,XXL,Pink,Medium
4386,JNE3481-KR-XS,JNE3481,7.0,KURTA,XS,White,Medium
4394,JNE3482-KR-XXL,JNE3482,5.0,KURTA,XXL,Powder Blue,Medium
4403,JNE3484-KR-L,JNE3484,6.0,KURTA,L,Olive,Medium
4406,JNE3484-KR-XL,JNE3484,7.0,KURTA,XL,Olive,Medium
4423,JNE3486-KR-XXXL,JNE3486,6.0,KURTA,XXXL,Light Green,Medium
4424,JNE3487-KR-L,JNE3487,6.0,KURTA,L,Peach,Medium
4427,JNE3487-KR-XL,JNE3487,7.0,KURTA,XL,Peach,Medium
4428,JNE3487-KR-XS,JNE3487,6.0,KURTA,XS,Peach,Medium
4435,JNE3488-KR-XS,JNE3488,7.0,KURTA,XS,White,Medium
4444,JNE3489-KR-XXXL,JNE3489,10.0,KURTA,XXXL,Maroon,Medium
4447,JNE3491-KR-S,JNE3491,5.0,KURTA,S,Blue,Medium
4449,JNE3491-KR-XS,JNE3491,9.0,KURTA,XS,Blue,Medium
4461,JNE3500-KR-S,JNE3500,6.0,KURTA,S,Grey,Medium
4465,JNE3500-KR-XXXL,JNE3500,5.0,KURTA,XXXL,Grey,Medium
4466,JNE3501-KR-L,JNE3501,5.0,KURTA,L,Pink,Medium
4467,JNE3501-KR-M,JNE3501,7.0,KURTA,M,Pink,Medium
4484,JNE3504-KR-XS,JNE3504,10.0,KURTA,XS,Green,Medium
4506,JNE3510-KR-XXL,JNE3510,6.0,KURTA,XXL,Grey,Medium
4510,JNE3515-KR-S,JNE3515,5.0,KURTA,S,CORAL ,Medium
4513,JNE3515-KR-XXL,JNE3515,5.0,KURTA,XXL,CORAL ,Medium
4515,JNE3516-KR-L,JNE3516,6.0,KURTA,L,Mustard,Medium
4516,JNE3516-KR-M,JNE3516,9.0,KURTA,M,Mustard,Medium
4520,JNE3516-KR-XXL,JNE3516,10.0,KURTA,XXL,Mustard,Medium
4522,JNE3517-KR-L,JNE3517,6.0,KURTA,L,Peach,Medium
4529,JNE3518-KR-M,JNE3518,6.0,KURTA,M,Turquoise,Medium
4531,JNE3518-KR-XL,JNE3518,6.0,KURTA,XL,Turquoise,Medium
4541,JNE3520-KR-XXXL,JNE3520,9.0,KURTA,XXXL,Mustard,Medium
4543,JNE3521-KR-M,JNE3521,9.0,KURTA,M,Turquoise,Medium
4566,JNE3524-KR-XS,JNE3524,5.0,KURTA,XS,Blue,Medium
4571,JNE3526-KR-S,JNE3526,5.0,KURTA,S,Grey,Medium
4587,JNE3530-KR-XS,JNE3530,8.0,KURTA,XS,Grey,Medium
4592,JNE3531-KR-S,JNE3531,6.0,KURTA,S,Cream,Medium
4595,JNE3531-KR-XXL,JNE3531,6.0,KURTA,XXL,Cream,Medium
4602,JNE3534-KR-M,JNE3534,6.0,KURTA,M,Turquoise,Medium
4603,JNE3534-KR-S,JNE3534,7.0,KURTA,S,Turquoise,Medium
4604,JNE3534-KR-XL,JNE3534,5.0,KURTA,XL,Turquoise,Medium
4612,JNE3535-KR-XS,JNE3535,10.0,KURTA,XS,Turquoise,Medium
4613,JNE3535-KR-XXL,JNE3535,6.0,KURTA,XXL,Turquoise,Medium
4619,JNE3537-KR-XS,JNE3537,6.0,KURTA,XS,Multicolor,Medium
4631,JNE3539-KR-S,JNE3539,7.0,KURTA,S,Cream,Medium
4633,JNE3539-KR-XS,JNE3539,7.0,KURTA,XS,Cream,Medium
4644,JNE3542-KR-S,JNE3542,6.0,KURTA,S,Cream,Medium
4646,JNE3542-KR-XS,JNE3542,6.0,KURTA,XS,Cream,Medium
4651,JNE3543-KR-S,JNE3543,5.0,KURTA,S,Cream,Medium
4653,JNE3543-KR-XS,JNE3543,7.0,KURTA,XS,Cream,Medium
4670,JNE3546-KR-L,JNE3546,10.0,KURTA,L,Blue,Medium
4672,JNE3546-KR-S,JNE3546,7.0,KURTA,S,Blue,Medium
4673,JNE3546-KR-XL,JNE3546,6.0,KURTA,XL,Blue,Medium
4679,JNE3547-KR-S,JNE3547,5.0,KURTA,S,Turquoise Blue,Medium
4681,JNE3547-KR-XS,JNE3547,5.0,KURTA,XS,Turquoise Blue,Medium
4694,JNE3549-KR-XL,JNE3549,7.0,KURTA,XL,Maroon,Medium
4696,JNE3549-KR-XXL,JNE3549,8.0,KURTA,XXL,Maroon,Medium
4712,JNE3554-KR-L,JNE3554,7.0,KURTA,L,Yellow,Medium
4749,JNE3559-KR-XXL,JNE3559,5.0,KURTA,XXL,Grey,Medium
4760,JNE3561-KR-S,JNE3561,8.0,KURTA,S,Beige,Medium
4763,JNE3561-KR-XXL,JNE3561,6.0,KURTA,XXL,Beige,Medium
4769,JNE3562-KR-XXL,JNE3562,5.0,KURTA,XXL,Peach,Medium
4786,JNE3565-KR-M,JNE3565,5.0,KURTA,M,Brown,Medium
4787,JNE3565-KR-S,JNE3565,6.0,KURTA,S,Brown,Medium
4825,JNE3571-KR-XXXL,JNE3571,6.0,KURTA,XXXL,Sea Green,Medium
4829,JNE3573-KR-S,JNE3573,5.0,KURTA,S,Grey,Medium
4847,JNE3575-KR-XXXL,JNE3575,9.0,KURTA,XXXL,Pink,Medium
4851,JNE3576-KR-XL,JNE3576,5.0,KURTA,XL,Black,Medium
4852,JNE3576-KR-XS,JNE3576,8.0,KURTA,XS,Black,Medium
4853,JNE3576-KR-XXL,JNE3576,6.0,KURTA,XXL,Black,Medium
4862,JNE3578-KR-L,JNE3578,5.0,KURTA,L,Yellow,Medium
4865,JNE3578-KR-XL,JNE3578,8.0,KURTA,XL,Yellow,Medium
4866,JNE3578-KR-XS,JNE3578,6.0,KURTA,XS,Yellow,Medium
4870,JNE3579-KR-M,JNE3579,6.0,KURTA,M,Grey,Medium
4871,JNE3579-KR-S,JNE3579,8.0,KURTA,S,Grey,Medium
4902,JNE3603-KR-L,JNE3603,8.0,KURTA,L,Wine,Medium
4903,JNE3603-KR-M,JNE3603,9.0,KURTA,M,Wine,Medium
4905,JNE3603-KR-XL,JNE3603,5.0,KURTA,XL,Wine,Medium
4907,JNE3603-KR-XXL,JNE3603,6.0,KURTA,XXL,Wine,Medium
4919,JNE3605-KR-XL,JNE3605,7.0,KURTA,XL,Pink,Medium
4920,JNE3605-KR-XS,JNE3605,9.0,KURTA,XS,Pink,Medium
4923,JNE3606-KR-L,JNE3606,5.0,KURTA,L,Beige,Medium
4927,JNE3606-KR-XS,JNE3606,7.0,KURTA,XS,Beige,Medium
4937,JNE3608-KR-L,JNE3608,9.0,KURTA,L,Maroon,Medium
4941,JNE3608-KR-XS,JNE3608,9.0,KURTA,XS,Maroon,Medium
4946,JNE3609-KR-S,JNE3609,7.0,KURTA,S,White,Medium
4947,JNE3609-KR-XL,JNE3609,7.0,KURTA,XL,White,Medium
4949,JNE3609-KR-XXL,JNE3609,10.0,KURTA,XXL,White,Medium
4950,JNE3609-KR-XXXL,JNE3609,10.0,KURTA,XXXL,White,Medium
4968,JNE3612-KR-XL,JNE3612,7.0,KURTA,XL,Light Green,Medium
4969,JNE3612-KR-XS,JNE3612,8.0,KURTA,XS,Light Green,Medium
4990,JNE3615-KR-XS,JNE3615,8.0,KURTA,XS,Navy Blue,Medium
4993,JNE3616-KR-L,JNE3616,5.0,KURTA,L,Maroon,Medium
4994,JNE3616-KR-M,JNE3616,7.0,KURTA,M,Maroon,Medium
4997,JNE3616-KR-XS,JNE3616,5.0,KURTA,XS,Maroon,Medium
4999,JNE3616-KR-XXXL,JNE3616,6.0,KURTA,XXXL,Maroon,Medium
5008,JNE3618-KR-M,JNE3618,9.0,KURTA,M,Teal,Medium
5009,JNE3618-KR-S,JNE3618,7.0,KURTA,S,Teal,Medium
5010,JNE3618-KR-XL,JNE3618,5.0,KURTA,XL,Teal,Medium
5011,JNE3618-KR-XS,JNE3618,8.0,KURTA,XS,Teal,Medium
5014,JNE3619-KR-L,JNE3619,10.0,KURTA,L,Black,Medium
5015,JNE3619-KR-M,JNE3619,9.0,KURTA,M,Black,Medium
5017,JNE3619-KR-XL,JNE3619,10.0,KURTA,XL,Black,Medium
5028,JNE3621-KR-L,JNE3621,9.0,KURTA,L,OFF WHITE,Medium
5030,JNE3621-KR-S,JNE3621,8.0,KURTA,S,OFF WHITE,Medium
5031,JNE3621-KR-XL,JNE3621,5.0,KURTA,XL,OFF WHITE,Medium
5033,JNE3621-KR-XXL,JNE3621,5.0,KURTA,XXL,OFF WHITE,Medium
5035,JNE3622-KR-L,JNE3622,5.0,KURTA,L,Black,Medium
5040,JNE3622-KR-XXL,JNE3622,6.0,KURTA,XXL,Black,Medium
5046,JNE3623-KR-XS,JNE3623,6.0,KURTA,XS,Green,Medium
5048,JNE3623-KR-XXXL,JNE3623,8.0,KURTA,XXXL,Green,Medium
5055,JNE3625-DR-L,JNE3625,5.0,DRESS,L,Peach,Medium
5056,JNE3625-DR-M,JNE3625,9.0,DRESS,M,Peach,Medium
5058,JNE3625-DR-XL,JNE3625,8.0,DRESS,XL,Peach,Medium
5071,JNE3627-KR-XS,JNE3627,7.0,KURTA,XS,Turquoise Blue,Medium
5079,JNE3628-KR-XXL,JNE3628,6.0,KURTA,XXL,Brown,Medium
5083,JNE3629-KR-S,JNE3629,10.0,KURTA,S,Green,Medium
5087,JNE3629-KR-XXXL,JNE3629,7.0,KURTA,XXXL,Green,Medium
5089,JNE3630-KR-M,JNE3630,9.0,KURTA,M,Blue,Medium
5091,JNE3630-KR-XL,JNE3630,8.0,KURTA,XL,Blue,Medium
5097,JNE3631-DR-S,JNE3631,5.0,DRESS,S,Blue,Medium
5106,JNE3633-KR-XS,JNE3633,8.0,KURTA,XS,Green,Medium
5112,JNE3634-KR-XL,JNE3634,9.0,KURTA,XL,Teal,Medium
5122,JNE3635-KR-XXXL,JNE3635,7.0,KURTA,XXXL,Maroon,Medium
5127,JNE3636-KR-XS,JNE3636,7.0,KURTA,XS,Maroon,Medium
5129,JNE3636-KR-XXXL,JNE3636,8.0,KURTA,XXXL,Maroon,Medium
5145,JNE3639-TP-M,JNE3639,8.0,TOP,M,Maroon,Medium
5146,JNE3639-TP-S,JNE3639,10.0,TOP,S,Maroon,Medium
5147,JNE3639-TP-XL,JNE3639,5.0,TOP,XL,Maroon,Medium
5153,JNE3640-TP-S,JNE3640,6.0,TOP,S,Green,Medium
5154,JNE3640-TP-XL,JNE3640,6.0,TOP,XL,Green,Medium
5192,JNE3647-TP-XS,JNE3647,6.0,TOP,XS,Pink,Medium
5194,JNE3648-TP-L,JNE3648,6.0,TOP,L,Cream,Medium
5196,JNE3648-TP-S,JNE3648,7.0,TOP,S,Cream,Medium
5197,JNE3648-TP-XL,JNE3648,5.0,TOP,XL,Cream,Medium
5199,JNE3648-TP-XXL,JNE3648,7.0,TOP,XXL,Cream,Medium
5207,JNE3651-TP-M,JNE3651,7.0,TOP,M,Maroon,Medium
5211,JNE3651-TP-XXL,JNE3651,6.0,TOP,XXL,Maroon,Medium
5212,JNE3652-TP-L,JNE3652,9.0,TOP,L,OFF WHITE,Medium
5215,JNE3652-TP-XL,JNE3652,5.0,TOP,XL,OFF WHITE,Medium
5225,JNE3654-TP-L,JNE3654,7.0,TOP,L,Blue,Medium
5235,JNE3655-TP-XS,JNE3655,8.0,TOP,XS,Blue,Medium
5250,JNE3658-TP-L,JNE3658,6.0,TOP,L,White,Medium
5252,JNE3658-TP-S,JNE3658,5.0,TOP,S,White,Medium
5266,JNE3660-TP-XS,JNE3660,10.0,TOP,XS,Sky Blue,Medium
5271,JNE3661-TP-XL,JNE3661,5.0,TOP,XL,Pink,Medium
5273,JNE3661-TP-XXL,JNE3661,5.0,TOP,XXL,Pink,Medium
5278,JNE3662-TP-XS,JNE3662,6.0,TOP,XS,Peach,Medium
5288,JNE3664-TP-S,JNE3664,8.0,TOP,S,Green,Medium
5295,JNE3665-TP-XL,JNE3665,5.0,TOP,XL,Grey,Medium
5296,JNE3665-TP-XS,JNE3665,8.0,TOP,XS,Grey,Medium
5297,JNE3665-TP-XXL,JNE3665,5.0,TOP,XXL,Grey,Medium
5301,JNE3666-TP-XL,JNE3666,5.0,TOP,XL,Beige,Medium
5306,JNE3667-TP-S,JNE3667,6.0,TOP,S,Mustard,Medium
5307,JNE3667-TP-XL,JNE3667,7.0,TOP,XL,Mustard,Medium
5308,JNE3667-TP-XS,JNE3667,5.0,TOP,XS,Mustard,Medium
5311,JNE3668-TP-M,JNE3668,7.0,TOP,M,Maroon,Medium
5312,JNE3668-TP-S,JNE3668,6.0,TOP,S,Maroon,Medium
5327,JNE3670-TU-XS,JNE3670,5.0,TUNIC,XS,White,Medium
5331,JNE3671-TU-M,JNE3671,7.0,TUNIC,M,Pink,Medium
5332,JNE3671-TU-S,JNE3671,8.0,TUNIC,S,Pink,Medium
5336,JNE3671-TU-XXXL,JNE3671,6.0,TUNIC,XXXL,Pink,Medium
5341,JNE3672-TU-XS,JNE3672,10.0,TOP,XS,Red,Medium
5345,JNE3673-TU-M,JNE3673,6.0,TOP,M,Mustard,Medium
5355,JNE3674-TU-XS,JNE3674,9.0,TOP,XS,Black,Medium
5369,JNE3676-TU-XS,JNE3676,10.0,TUNIC,XS,Red,Medium
5374,JNE3678-TU-S,JNE3678,7.0,TUNIC,S,Blue,Medium
5376,JNE3678-TU-XS,JNE3678,7.0,TUNIC,XS,Blue,Medium
5392,JNE3680-TU-XXXL,JNE3680,9.0,TUNIC,XXXL,Grey,Medium
5397,JNE3683-TU-XS,JNE3683,7.0,TUNIC,XS,Pink,Medium
5402,JNE3684-TU-S,JNE3684,5.0,TUNIC,S,Red,Medium
5404,JNE3684-TU-XS,JNE3684,9.0,TUNIC,XS,Red,Medium
5412,JNE3686-TU-XXL,JNE3686,5.0,TUNIC,XXL,White,Medium
5417,JNE3687-TU-XL,JNE3687,9.0,TUNIC,XL,Black,Medium
5441,JNE3690-TU-XXXL,JNE3690,6.0,TUNIC,XXXL,Maroon,Medium
5442,JNE3691-TU-L,JNE3691,9.0,TUNIC,L,Maroon,Medium
5443,JNE3691-TU-M,JNE3691,7.0,TUNIC,M,Maroon,Medium
5444,JNE3691-TU-S,JNE3691,6.0,TUNIC,S,Maroon,Medium
5447,JNE3691-TU-XXL,JNE3691,6.0,TUNIC,XXL,Maroon,Medium
5455,JNE3694-KR-M,JNE3694,7.0,KURTA,M,Cream,Medium
5456,JNE3694-KR-S,JNE3694,6.0,KURTA,S,Cream,Medium
5458,JNE3694-KR-XXL,JNE3694,6.0,KURTA,XXL,Cream,Medium
5460,JNE3695-KR-M,JNE3695,5.0,KURTA,M,Yellow,Medium
5461,JNE3695-KR-S,JNE3695,6.0,KURTA,S,Yellow,Medium
5473,JNE3698-KR-XL,JNE3698,6.0,KURTA,XL,White,Medium
5488,JNE3701-KR-XXXL,JNE3701,9.0,KURTA,XXXL,Orange,Medium
5495,JNE3702-KR-XXXL,JNE3702,9.0,KURTA,XXXL,Light Green,Medium
5497,JNE3703-KR-M,JNE3703,5.0,KURTA,M,Green,Medium
5499,JNE3703-KR-XL,JNE3703,6.0,KURTA,XL,Green,Medium
5501,JNE3703-KR-XXL,JNE3703,5.0,KURTA,XXL,Green,Medium
5508,JNE3704-KR-XXL,JNE3704,10.0,KURTA,XXL,Brown,Medium
5513,JNE3706-DR-XL,JNE3706,5.0,DRESS,XL,Cream,Medium
5517,JNE3707-DR-L,JNE3707,9.0,DRESS,L,Cream,Medium
5518,JNE3707-DR-M,JNE3707,5.0,DRESS,M,Cream,Medium
5523,JNE3707-DR-XXXL,JNE3707,5.0,DRESS,XXXL,Cream,Medium
5540,JNE3710-DR-S,JNE3710,5.0,DRESS,S,Blue,Medium
5543,JNE3710-DR-XXL,JNE3710,5.0,DRESS,XXL,Blue,Medium
5545,JNE3712-TP-L,JNE3712,6.0,TOP,L,White,Medium
5546,JNE3712-TP-M,JNE3712,7.0,TOP,M,White,Medium
5547,JNE3712-TP-S,JNE3712,6.0,TOP,S,White,Medium
5559,JNE3714-KR-S,JNE3714,10.0,KURTA,S,TEAL GREEN ,Medium
5562,JNE3714-KR-XXL,JNE3714,6.0,KURTA,XXL,TEAL GREEN ,Medium
5563,JNE3714-KR-XXXL,JNE3714,9.0,KURTA,XXXL,TEAL GREEN ,Medium
5581,JNE3717-KR-XL,JNE3717,7.0,KURTA,XL,Light Green,Medium
5582,JNE3717-KR-XS,JNE3717,10.0,KURTA,XS,Light Green,Medium
5593,JNE3719-KR-M,JNE3719,5.0,KURTA,M,TEAL GREEN ,Medium
5607,JNE3721-KR-M,JNE3721,6.0,KURTA,M,Magenta,Medium
5611,JNE3721-KR-XXL,JNE3721,7.0,KURTA,XXL,Magenta,Medium
5614,JNE3722-KR-M,JNE3722,5.0,KURTA,M,Navy Blue,Medium
5618,JNE3722-KR-XXL,JNE3722,6.0,KURTA,XXL,Navy Blue,Medium
5620,JNE3724-KR-L,JNE3724,8.0,KURTA,L,Pink,Medium
5623,JNE3724-KR-XL,JNE3724,10.0,KURTA,XL,Pink,Medium
5628,JNE3725-KR-M,JNE3725,5.0,KURTA,M,Brown,Medium
5631,JNE3725-KR-XXL,JNE3725,9.0,KURTA,XXL,Brown,Medium
5634,JNE3726-KR-M,JNE3726,5.0,KURTA,M,Turquoise,Medium
5636,JNE3726-KR-XL,JNE3726,5.0,KURTA,XL,Turquoise,Medium
5637,JNE3726-KR-XS,JNE3726,9.0,KURTA,XS,Turquoise,Medium
5638,JNE3726-KR-XXL,JNE3726,6.0,KURTA,XXL,Turquoise,Medium
5648,JNE3728-KR-M,JNE3728,5.0,KURTA,M,Light Green,Medium
5653,JNE3729-KR-M,JNE3729,5.0,KURTA,M,Yellow,Medium
5656,JNE3729-KR-XS,JNE3729,8.0,KURTA,XS,Yellow,Medium
5657,JNE3729-KR-XXL,JNE3729,8.0,KURTA,XXL,Yellow,Medium
5662,JNE3730-KR-XL,JNE3730,9.0,KURTA,XL,Olive,Medium
5664,JNE3730-KR-XXL,JNE3730,10.0,KURTA,XXL,Olive,Medium
5678,JNE3733-KR-XXL,JNE3733,6.0,KURTA,XXL,Turquoise Blue,Medium
5683,JNE3734-KR-XL,JNE3734,7.0,KURTA,XL,Sky Blue,Medium
5687,JNE3735-KR-L,JNE3735,6.0,KURTA,L,Beige,Medium
5693,JNE3735-KR-XXXL,JNE3735,8.0,KURTA,XXXL,Beige,Medium
5698,JNE3736-KR-XS,JNE3736,10.0,KURTA,XS,Pink,Medium
5700,JNE3736-KR-XXXL,JNE3736,6.0,KURTA,XXXL,Pink,Medium
5705,JNE3738-KR-XS,JNE3738,10.0,KURTA,XS,Green,Medium
5706,JNE3738-KR-XXL,JNE3738,5.0,KURTA,XXL,Green,Medium
5713,JNE3739-KR-XXL,JNE3739,9.0,KURTA,XXL,Maroon,Medium
5715,JNE3740-KR-L,JNE3740,8.0,KURTA,L,Red,Medium
5728,JNE3741-KR-XXXL,JNE3741,8.0,KURTA,XXXL,TEAL GREEN ,Medium
5735,JNE3742-KR-XXXL,JNE3742,6.0,KURTA,XXXL,Green,Medium
5736,JNE3743-TP-L,JNE3743,9.0,TOP,L,Light Green,Medium
5738,JNE3743-TP-S,JNE3743,7.0,TOP,S,Light Green,Medium
5759,JNE3748-KR-XL,JNE3748,7.0,KURTA,XL,Blue,Medium
5763,JNE3749-KR-L,JNE3749,6.0,KURTA,L,Blue,Medium
5765,JNE3749-KR-S,JNE3749,8.0,KURTA,S,Blue,Medium
5766,JNE3749-KR-XL,JNE3749,6.0,KURTA,XL,Blue,Medium
5768,JNE3749-KR-XXL,JNE3749,5.0,KURTA,XXL,Blue,Medium
5773,JNE3750-KR-XL,JNE3750,9.0,KURTA,XL,Navy Blue,Medium
5782,JNE3751-KR-XXL,JNE3751,6.0,KURTA,XXL,White,Medium
5784,JNE3752-KR-L,JNE3752,5.0,KURTA,L,Blue,Medium
5786,JNE3752-KR-S,JNE3752,7.0,KURTA,S,Blue,Medium
5788,JNE3752-KR-XS,JNE3752,10.0,KURTA,XS,Blue,Medium
5791,JNE3753-KR-L,JNE3753,5.0,KURTA,L,Brown,Medium
5792,JNE3753-KR-M,JNE3753,5.0,KURTA,M,Brown,Medium
5796,JNE3753-KR-XXL,JNE3753,6.0,KURTA,XXL,Brown,Medium
5797,JNE3753-KR-XXXL,JNE3753,5.0,KURTA,XXXL,Brown,Medium
5804,JNE3756-KR-XXXL,JNE3756,8.0,KURTA,XXXL,Olive Green,Medium
5809,JNE3757-KR-XS,JNE3757,5.0,KURTA,XS,Light Green,Medium
5829,JNE3760-KR-XS,JNE3760,10.0,KURTA,XS,Teal,Medium
5831,JNE3760-KR-XXXL,JNE3760,7.0,KURTA,XXXL,Teal,Medium
5858,JNE3764-KR-XXL,JNE3764,5.0,KURTA,XXL,Magenta,Medium
5891,JNE3769-KR-XL,JNE3769,9.0,KURTA,XL,Blue,Medium
5892,JNE3769-KR-XS,JNE3769,8.0,KURTA,XS,Blue,Medium
5894,JNE3769-KR-XXXL,JNE3769,9.0,KURTA,XXXL,Blue,Medium
5904,JNE3771-KR-S,JNE3771,10.0,KURTA,S,Maroon,Medium
5913,JNE3773-KR-XS,JNE3773,6.0,KURTA,XS,Grey,Medium
5914,JNE3773-KR-XXL,JNE3773,5.0,KURTA,XXL,Grey,Medium
5917,JNE3774-KR-M,JNE3774,7.0,KURTA,M,Teal,Medium
5918,JNE3774-KR-S,JNE3774,10.0,KURTA,S,Teal,Medium
5921,JNE3774-KR-XXL,JNE3774,10.0,KURTA,XXL,Teal,Medium
5922,JNE3774-KR-XXXL,JNE3774,9.0,KURTA,XXXL,Teal,Medium
5929,JNE3775-KR-XXXL,JNE3775,6.0,KURTA,XXXL,Teal,Medium
5931,JNE3776-KR-M,JNE3776,6.0,KURTA,M,Green,Medium
5932,JNE3776-KR-S,JNE3776,6.0,KURTA,S,Green,Medium
5935,JNE3776-KR-XXL,JNE3776,8.0,KURTA,XXL,Green,Medium
5937,JNE3777-KR-L,JNE3777,7.0,KURTA,L,Maroon,Medium
5938,JNE3777-KR-M,JNE3777,9.0,KURTA,M,Maroon,Medium
5943,JNE3777-KR-XXXL,JNE3777,8.0,KURTA,XXXL,Maroon,Medium
5994,JNE3785-KR-M,JNE3785,5.0,KURTA,M,CORAL ,Medium
5995,JNE3785-KR-S,JNE3785,8.0,KURTA,S,CORAL ,Medium
5996,JNE3785-KR-XL,JNE3785,5.0,KURTA,XL,CORAL ,Medium
5998,JNE3785-KR-XXL,JNE3785,5.0,KURTA,XXL,CORAL ,Medium
6010,JNE3787-KR-XL,JNE3787,6.0,KURTA,XL,Blue,Medium
6011,JNE3787-KR-XS,JNE3787,9.0,KURTA,XS,Blue,Medium
6012,JNE3787-KR-XXL,JNE3787,5.0,KURTA,XXL,Blue,Medium
6013,JNE3787-KR-XXXL,JNE3787,7.0,KURTA,XXXL,Blue,Medium
6014,JNE3788-KR-L,JNE3788,9.0,KURTA,L,Black,Medium
6020,JNE3788-KR-XXXL,JNE3788,6.0,KURTA,XXXL,Black,Medium
6025,JNE3789-KR-XS,JNE3789,9.0,KURTA,XS,Teal,Medium
6027,JNE3789-KR-XXXL,JNE3789,7.0,KURTA,XXXL,Teal,Medium
6034,JNE3790-KR-XXXL,JNE3790,5.0,KURTA,XXXL,Navy Blue,Medium
6035,JNE3791-DR-L,JNE3791,8.0,DRESS,L,Light Green,Medium
6037,JNE3791-DR-S,JNE3791,6.0,DRESS,S,Light Green,Medium
6055,JNE3793-KR-XXXL,JNE3793,5.0,KURTA,XXXL,Maroon,Medium
6070,JNE3796-KR-L,JNE3796,5.0,KURTA,L,Peach,Medium
6071,JNE3796-KR-M,JNE3796,5.0,KURTA,M,Peach,Medium
6072,JNE3796-KR-S,JNE3796,6.0,KURTA,S,Peach,Medium
6073,JNE3796-KR-XL,JNE3796,5.0,KURTA,XL,Peach,Medium
6075,JNE3796-KR-XXL,JNE3796,9.0,KURTA,XXL,Peach,Medium
6077,JNE3797-KR-L,JNE3797,5.0,KURTA,L,Green,Medium
6078,JNE3797-KR-M,JNE3797,6.0,KURTA,M,Green,Medium
6086,JNE3798-KR-S,JNE3798,5.0,KURTA,S,Teal,Medium
6089,JNE3798-KR-XXL,JNE3798,8.0,KURTA,XXL,Teal,Medium
6090,JNE3798-KR-XXXL,JNE3798,9.0,KURTA,XXXL,Teal,Medium
6094,JNE3799-KR-XL,JNE3799,8.0,KURTA,XL,Wine,Medium
6096,JNE3799-KR-XXL,JNE3799,7.0,KURTA,XXL,Wine,Medium
6109,JNE3801-KR-XS,JNE3801,5.0,KURTA,XS,Pink,Medium
6111,JNE3801-KR-XXXL,JNE3801,8.0,KURTA,XXXL,Pink,Medium
6112,JNE3802-KR-L,JNE3802,6.0,KURTA,L,Orange,Medium
6113,JNE3802-KR-M,JNE3802,7.0,KURTA,M,Orange,Medium
6115,JNE3802-KR-XL,JNE3802,6.0,KURTA,XL,Orange,Medium
6118,JNE3802-KR-XXXL,JNE3802,7.0,KURTA,XXXL,Orange,Medium
6122,JNE3803-KR-XL,JNE3803,9.0,KURTA,XL,Pink,Medium
6132,JNE3804-KR-XXXL,JNE3804,7.0,KURTA,XXXL,Grey,Medium
6140,JNE3806-KR-L,JNE3806,10.0,KURTA,L,Blue,Medium
6141,JNE3806-KR-M,JNE3806,9.0,KURTA,M,Blue,Medium
6146,JNE3806-KR-XXXL,JNE3806,6.0,KURTA,XXXL,Blue,Medium
6147,JNE3807-KR-L,JNE3807,9.0,KURTA,L,Beige,Medium
6149,JNE3807-KR-S,JNE3807,10.0,KURTA,S,Beige,Medium
6150,JNE3807-KR-XL,JNE3807,7.0,KURTA,XL,Beige,Medium
6151,JNE3807-KR-XS,JNE3807,5.0,KURTA,XS,Beige,Medium
6161,JNE3811-KR-L,JNE3811,7.0,KURTA,L,Navy Blue,Medium
6162,JNE3811-KR-M,JNE3811,6.0,KURTA,M,Navy Blue,Medium
6163,JNE3811-KR-S,JNE3811,5.0,KURTA,S,Navy Blue,Medium
6164,JNE3811-KR-XL,JNE3811,7.0,KURTA,XL,Navy Blue,Medium
6165,JNE3811-KR-XS,JNE3811,5.0,KURTA,XS,Navy Blue,Medium
6175,JNE3816-KR-L,JNE3816,5.0,KURTA,L,Sea Green,Medium
6176,JNE3816-KR-M,JNE3816,7.0,KURTA,M,Sea Green,Medium
6177,JNE3816-KR-S,JNE3816,6.0,KURTA,S,Sea Green,Medium
6179,JNE3816-KR-XS,JNE3816,9.0,KURTA,XS,Sea Green,Medium
6180,JNE3816-KR-XXL,JNE3816,7.0,KURTA,XXL,Sea Green,Medium
6190,JNE3818-KR-M,JNE3818,5.0,KURTA,M,Orange,Medium
6196,JNE3819-KR-L,JNE3819,8.0,KURTA,L,Blue,Medium
6197,JNE3819-KR-M,JNE3819,7.0,KURTA,M,Blue,Medium
6200,JNE3819-KR-XS,JNE3819,6.0,KURTA,XS,Blue,Medium
6201,JNE3819-KR-XXL,JNE3819,9.0,KURTA,XXL,Blue,Medium
6205,JNE3820-KR-S,JNE3820,10.0,KURTA,S,Green,Medium
6214,JNE3821-KR-XS,JNE3821,7.0,KURTA,XS,Sea Green,Medium
6217,JNE3822-KR-L,JNE3822,6.0,KURTA,L,Blue,Medium
6218,JNE3822-KR-M,JNE3822,6.0,KURTA,M,Blue,Medium
6222,JNE3822-KR-XXL,JNE3822,7.0,KURTA,XXL,Blue,Medium
6226,JNE3823-KR-S,JNE3823,6.0,KURTA,S,Blue,Medium
6228,JNE3823-KR-XS,JNE3823,9.0,KURTA,XS,Blue,Medium
6233,JNE3825-KR-S,JNE3825,6.0,KURTA,S,Yellow,Medium
6235,JNE3825-KR-XS,JNE3825,10.0,KURTA,XS,Yellow,Medium
6245,JNE3827-KR-S,JNE3827,8.0,KURTA,S,Peach,Medium
6248,JNE3828-KR-L,JNE3828,7.0,KURTA,L,Navy Blue,Medium
6255,JNE3829-KR-S,JNE3829,5.0,KURTA,S,Brown,Medium
6256,JNE3829-KR-XL,JNE3829,7.0,KURTA,XL,Brown,Medium
6265,JNE3831-KR-S,JNE3831,9.0,KURTA,S,Teal,Medium
6266,JNE3831-KR-XL,JNE3831,7.0,KURTA,XL,Teal,Medium
6271,JNE3832-KR-XL,JNE3832,7.0,KURTA,XL,Green,Medium
6272,JNE3832-KR-XXL,JNE3832,9.0,KURTA,XXL,Green,Medium
6286,JNE3834-KR-XXXL,JNE3834,10.0,KURTA,XXXL,Orange,Medium
6302,JNE3837-KR-M,JNE3837,9.0,KURTA,M,Black,Medium
6308,JNE3838-KR-L,JNE3838,5.0,KURTA,L,Black,Medium
6309,JNE3838-KR-M,JNE3838,5.0,KURTA,M,Black,Medium
6320,JNE3840-KR-L,JNE3840,10.0,KURTA,L,Wine,Medium
6321,JNE3840-KR-M,JNE3840,6.0,KURTA,M,Wine,Medium
6322,JNE3840-KR-S,JNE3840,9.0,KURTA,S,Wine,Medium
6323,JNE3840-KR-XL,JNE3840,10.0,KURTA,XL,Wine,Medium
6324,JNE3840-KR-XXL,JNE3840,9.0,KURTA,XXL,Wine,Medium
6326,JNE3841-KR-M,JNE3841,5.0,KURTA,M,Yellow,Medium
6327,JNE3841-KR-S,JNE3841,6.0,KURTA,S,Yellow,Medium
6328,JNE3841-KR-XL,JNE3841,5.0,KURTA,XL,Yellow,Medium
6329,JNE3841-KR-XXL,JNE3841,5.0,KURTA,XXL,Yellow,Medium
6338,JNE3843-KR-XL,JNE3843,10.0,KURTA,XL,Green,Medium
6339,JNE3843-KR-XXL,JNE3843,9.0,KURTA,XXL,Green,Medium
6340,JNE3844-KR-L,JNE3844,5.0,KURTA,L,Teal,Medium
6341,JNE3844-KR-M,JNE3844,7.0,KURTA,M,Teal,Medium
6343,JNE3844-KR-XL,JNE3844,10.0,KURTA,XL,Teal,Medium
6344,JNE3844-KR-XXL,JNE3844,7.0,KURTA,XXL,Teal,Medium
6346,JNE3845-KR-M,JNE3845,9.0,KURTA,M,Pink,Medium
6350,JNE3846-KR-L,JNE3846,9.0,KURTA,L,Magenta,Medium
6353,JNE3846-KR-XL,JNE3846,8.0,KURTA,XL,Magenta,Medium
6354,JNE3846-KR-XXL,JNE3846,5.0,KURTA,XXL,Magenta,Medium
6357,JNE3847-KR-S,JNE3847,6.0,KURTA,S,Teal Green,Medium
6358,JNE3847-KR-XL,JNE3847,6.0,KURTA,XL,Teal Green,Medium
6359,JNE3847-KR-XXL,JNE3847,5.0,KURTA,XXL,Teal Green,Medium
6360,JNE3848-KR-L,JNE3848,6.0,KURTA,L,Black,Medium
6361,JNE3848-KR-M,JNE3848,9.0,KURTA,M,Black,Medium
6362,JNE3848-KR-S,JNE3848,9.0,KURTA,S,Black,Medium
6366,JNE3849-KR-M,JNE3849,8.0,KURTA,M,Navy Blue,Medium
6368,JNE3849-KR-XL,JNE3849,5.0,KURTA,XL,Navy Blue,Medium
6374,JNE3850-KR-XXL,JNE3850,6.0,KURTA,XXL,Green,Medium
6375,JNE3851-KR-L,JNE3851,7.0,KURTA,L,Green,Medium
6378,JNE3851-KR-XL,JNE3851,6.0,KURTA,XL,Green,Medium
6380,JNE3852-KR-L,JNE3852,8.0,KURTA,L,Wine,Medium
6384,JNE3853-KR-L,JNE3853,8.0,KURTA,L,Magenta,Medium
6387,JNE3853-KR-XXL,JNE3853,6.0,KURTA,XXL,Magenta,Medium
6390,JNE3854-KR-S,JNE3854,9.0,KURTA,S,Olive Green,Medium
6392,JNE3854-KR-XXL,JNE3854,5.0,KURTA,XXL,Olive Green,Medium
6393,JNE3855-KR-L,JNE3855,5.0,KURTA,L,Green,Medium
6396,JNE3855-KR-XL,JNE3855,8.0,KURTA,XL,Green,Medium
6397,JNE3855-KR-XXL,JNE3855,9.0,KURTA,XXL,Green,Medium
6405,JNE3857-KR-L,JNE3857,6.0,KURTA,L,Maroon,Medium
6408,JNE3857-KR-XL,JNE3857,8.0,KURTA,XL,Maroon,Medium
6409,JNE3857-KR-XXL,JNE3857,5.0,KURTA,XXL,Maroon,Medium
6416,JNE3859-KR-M,JNE3859,7.0,KURTA,M,Blue,Medium
6418,JNE3859-KR-XL,JNE3859,5.0,KURTA,XL,Blue,Medium
6419,JNE3859-KR-XXL,JNE3859,6.0,KURTA,XXL,Blue,Medium
6420,JNE3860-DR-L,JNE3860,8.0,DRESS,L,Blue,Medium
6423,JNE3860-DR-XL,JNE3860,6.0,DRESS,XL,Blue,Medium
6426,JNE3860-DR-XXXL,JNE3860,6.0,DRESS,XXXL,Blue,Medium
6432,JNE3861-DR-XXL,JNE3861,10.0,DRESS,XXL,Red,Medium
6437,JNE3862-TU-XL,JNE3862,6.0,TUNIC,XL,Maroon,Medium
6439,JNE3862-TU-XXL,JNE3862,5.0,TUNIC,XXL,Maroon,Medium
6448,JNE3864-TU-L,JNE3864,6.0,TUNIC,L,Blue,Medium
6449,JNE3864-TU-M,JNE3864,5.0,TUNIC,M,Blue,Medium
6453,JNE3864-TU-XXL,JNE3864,5.0,TUNIC,XXL,Blue,Medium
6457,JNE3865-TP-S,JNE3865,6.0,TOP,S,White,Medium
6469,JNE3869-DR-L,JNE3869,6.0,DRESS,L,Pink,Medium
6473,JNE3869-DR-XS,JNE3869,6.0,DRESS,XS,Pink,Medium
6480,JNE3870-DR-XS,JNE3870,6.0,DRESS,XS,Orange,Medium
6482,JNE3870-DR-XXXL,JNE3870,5.0,DRESS,XXXL,Orange,Medium
6517,JNE3879-DR-XXXL,JNE3879,5.0,DRESS,XXXL,Turquoise,Medium
6529,JNE3881-DR-XS,JNE3881,6.0,DRESS,XS,Blue,Medium
6609,JNE3896-KR-L,JNE3896,5.0,KURTA,L,Wine,Medium
6613,JNE3896-KR-XS,JNE3896,9.0,KURTA,XS,Wine,Medium
6615,JNE3896-KR-XXXL,JNE3896,7.0,KURTA,XXXL,Wine,Medium
6665,JNE3904-DR-L,JNE3904,10.0,DRESS,L,Light Pink,Medium
6666,JNE3904-DR-M,JNE3904,7.0,DRESS,M,Light Pink,Medium
6668,JNE3904-DR-XL,JNE3904,5.0,DRESS,XL,Light Pink,Medium
6674,JNE3905-DR-S,JNE3905,5.0,DRESS,S,OFF WHITE,Medium
6745,JNE3928-KR-XL,JNE3928,5.0,KURTA,XL,OFF WHITE,Medium
6747,JNE3928-KR-XXL,JNE3928,5.0,KURTA,XXL,OFF WHITE,Medium
6750,AN208-MUSTARD-M,LEGG-AN208-MUSTARD,5.0,AN : LEGGINGS,M,Mustard,Medium
6762,MEN5002-KR-S,MEN5002,6.0,KURTA,S,Blue,Medium
6765,MEN5002-KR-XXXL,MEN5002,5.0,KURTA,XXXL,Blue,Medium
6772,MEN5004-KR-L,MEN5004,5.0,KURTA,L,Blue,Medium
6774,MEN5004-KR-S,MEN5004,9.0,KURTA,S,Blue,Medium
6782,MEN5005-KR-XXL,MEN5005,6.0,KURTA,XXL,Multicolor,Medium
6783,MEN5005-KR-XXXL,MEN5005,7.0,KURTA,XXXL,Multicolor,Medium
6798,MEN5008-KR-S,MEN5008,5.0,KURTA,S,Blue,Medium
6800,MEN5008-KR-XXL,MEN5008,5.0,KURTA,XXL,Blue,Medium
6805,MEN5009-KR-XL,MEN5009,8.0,KURTA,XL,Maroon,Medium
6806,MEN5009-KR-XXL,MEN5009,5.0,KURTA,XXL,Maroon,Medium
6809,MEN5010-KR-M,MEN5010,9.0,KURTA,M,Blue,Medium
6810,MEN5010-KR-S,MEN5010,8.0,KURTA,S,Blue,Medium
6812,MEN5010-KR-XXL,MEN5010,5.0,KURTA,XXL,Blue,Medium
6814,MEN5011-KR-L,MEN5011,7.0,KURTA,L,Blue,Medium
6815,MEN5011-KR-M,MEN5011,9.0,KURTA,M,Blue,Medium
6817,MEN5011-KR-XL,MEN5011,9.0,KURTA,XL,Blue,Medium
6826,MEN5013-KR-L,MEN5013,7.0,KURTA,L,Maroon,Medium
6827,MEN5013-KR-M,MEN5013,5.0,KURTA,M,Maroon,Medium
6828,MEN5013-KR-S,MEN5013,5.0,KURTA,S,Maroon,Medium
6830,MEN5013-KR-XXL,MEN5013,6.0,KURTA,XXL,Maroon,Medium
6836,MEN5014-KR-XXL,MEN5014,8.0,KURTA,XXL,Orange,Medium
6837,MEN5014-KR-XXXL,MEN5014,8.0,KURTA,XXXL,Orange,Medium
6846,MEN5016-KR-S,MEN5016,7.0,KURTA,S,Teal,Medium
6849,MEN5016-KR-XXXL,MEN5016,7.0,KURTA,XXXL,Teal,Medium
6864,MEN5019-KR-S,MEN5019,6.0,KURTA,S,Navy Blue,Medium
6865,MEN5019-KR-XL,MEN5019,5.0,KURTA,XL,Navy Blue,Medium
6870,MEN5020-KR-S,MEN5020,6.0,KURTA,S,Brown,Medium
6874,MEN5021-KR-L,MEN5021,7.0,KURTA,L,Orange,Medium
6875,MEN5021-KR-M,MEN5021,7.0,KURTA,M,Orange,Medium
6876,MEN5021-KR-S,MEN5021,8.0,KURTA,S,Orange,Medium
6877,MEN5021-KR-XL,MEN5021,6.0,KURTA,XL,Orange,Medium
6878,MEN5021-KR-XXL,MEN5021,7.0,KURTA,XXL,Orange,Medium
6879,MEN5021-KR-XXXL,MEN5021,8.0,KURTA,XXXL,Orange,Medium
6885,MEN5022-KR-XXXL,MEN5022,6.0,KURTA,XXXL,Green,Medium
6887,MEN5023-KR-M,MEN5023,5.0,KURTA,M,Blue,Medium
6888,MEN5023-KR-S,MEN5023,8.0,KURTA,S,Blue,Medium
6891,MEN5023-KR-XXXL,MEN5023,6.0,KURTA,XXXL,Blue,Medium
6893,MEN5024-KR-M,MEN5024,8.0,KURTA,M,Blue,Medium
6894,MEN5024-KR-S,MEN5024,10.0,KURTA,S,Blue,Medium
6897,MEN5024-KR-XXXL,MEN5024,8.0,KURTA,XXXL,Blue,Medium
6900,MEN5025-KR-S,MEN5025,10.0,KURTA,S,Blue,Medium
6904,MEN5026-KR-L,MEN5026,5.0,KURTA,L,Blue,Medium
6906,MEN5026-KR-S,MEN5026,9.0,KURTA,S,Blue,Medium
6907,MEN5026-KR-XL,MEN5026,7.0,KURTA,XL,Blue,Medium
6909,MEN5026-KR-XXXL,MEN5026,8.0,KURTA,XXXL,Blue,Medium
6917,MEN5028-KR-M,MEN5028,7.0,KURTA,M,Brown,Medium
6919,MEN5028-KR-XL,MEN5028,9.0,KURTA,XL,Brown,Medium
6924,MEN5029-KR-S,MEN5029,9.0,KURTA,S,Blue,Medium
6927,MEN5029-KR-XXXL,MEN5029,5.0,KURTA,XXXL,Blue,Medium
6929,MEN5030-KR-M,MEN5030,6.0,KURTA,M,Olive,Medium
6939,MEN5031-KR-XXXL,MEN5031,10.0,KURTA,XXXL,Maroon,Medium
6942,MEN5032-KR-S,MEN5032,8.0,KURTA,S,Blue,Medium
6947,NW001-TP-PJ-M,NW001,6.0,NIGHT WEAR,M,Light Pink,Medium
6951,NW001-TP-PJ-XXL,NW001,9.0,NIGHT WEAR,XXL,Light Pink,Medium
6952,NW001-TP-PJ-XXXL,NW001,7.0,NIGHT WEAR,XXXL,Light Pink,Medium
6960,NW003-TP-PJ-L,NW003,6.0,NIGHT WEAR,L,Maroon,Medium
6962,NW003-TP-PJ-S,NW003,8.0,NIGHT WEAR,S,Maroon,Medium
6975,NW005-ST-PJ-M,NW005,6.0,NIGHT WEAR,M,White,Medium
6978,NW005-ST-PJ-XS,NW005,5.0,NIGHT WEAR,XS,White,Medium
6979,NW005-ST-PJ-XXL,NW005,9.0,NIGHT WEAR,XXL,White,Medium
6980,NW005-ST-PJ-XXXL,NW005,10.0,NIGHT WEAR,XXXL,White,Medium
6987,NW006-ST-SR-XXXL,NW006,7.0,NIGHT WEAR,XXXL,Beige,Medium
6994,NW007-ST-CP-XXXL,NW007,8.0,NIGHT WEAR,XXXL,White,Medium
7003,NW009-ST-CP-M,NW009,7.0,NIGHT WEAR,M,Turquoise,Medium
7007,NW009-ST-CP-XXL,NW009,5.0,NIGHT WEAR,XXL,Turquoise,Medium
7010,NW012-TP-PJ-M,NW012,5.0,NIGHT WEAR,M,Green,Medium
7013,NW012-TP-PJ-XS,NW012,9.0,NIGHT WEAR,XS,Green,Medium
7020,NW013-ST-SR-XS,NW013,6.0,NIGHT WEAR,XS,Turquoise,Medium
7023,NW014-ST-SR-L,NW014,8.0,NIGHT WEAR,L,Blue,Medium
7025,NW014-ST-SR-S,NW014,9.0,NIGHT WEAR,S,Blue,Medium
7035,NW015-TP-PJ-XXL,NW015,6.0,NIGHT WEAR,XXL,Grey,Medium
7037,NW016-ST-SR-L,NW016,8.0,NIGHT WEAR,L,White,Medium
7040,NW016-ST-SR-XL,NW016,7.0,NIGHT WEAR,XL,White,Medium
7041,NW016-ST-SR-XS,NW016,5.0,NIGHT WEAR,XS,White,Medium
7047,NW020-ST-SR-XL,NW020,6.0,NIGHT WEAR,XL,Peach,Medium
7049,NW020-ST-SR-XXL,NW020,9.0,NIGHT WEAR,XXL,Peach,Medium
7050,NW020-ST-SR-XXXL,NW020,9.0,NIGHT WEAR,XXXL,Peach,Medium
7055,NW022-TP-PJ-XS,NW022,7.0,NIGHT WEAR,XS,Blue,Medium
7067,NW024-TP-PJ-S,NW024,8.0,NIGHT WEAR,S,Blue,Medium
7076,NW027-TP-PJ-XS,NW027,7.0,NIGHT WEAR,XS,Pink,Medium
7077,NW027-TP-PJ-XXL,NW027,10.0,NIGHT WEAR,XXL,Pink,Medium
7080,NW028-TP-PJ-M,NW028,9.0,NIGHT WEAR,M,Grey,Medium
7082,NW028-TP-PJ-XL,NW028,5.0,NIGHT WEAR,XL,Grey,Medium
7086,NW029-ST-SR-L,NW029,7.0,NIGHT WEAR,L,Grey,Medium
7092,NW029-ST-SR-XXXL,NW029,8.0,NIGHT WEAR,XXXL,Grey,Medium
7113,NW032-ST-CP-XXXL,NW032,7.0,NIGHT WEAR,XXXL,White,Medium
7125,NW034-TP-PJ-XS,NW034,7.0,NIGHT WEAR,XS,Peach,Medium
7126,NW034-TP-PJ-XXL,NW034,6.0,NIGHT WEAR,XXL,Peach,Medium
7129,NW035-ST-CP-M,NW035,6.0,NIGHT WEAR,M,Grey,Medium
7132,NW035-ST-CP-XS,NW035,9.0,NIGHT WEAR,XS,Grey,Medium
7134,NW035-ST-CP-XXXL,NW035,6.0,NIGHT WEAR,XXXL,Grey,Medium
7143,NW037-TP-SR-M,NW037,7.0,NIGHT WEAR,M,Pink,Medium
7144,NW037-TP-SR-S,NW037,10.0,NIGHT WEAR,S,Pink,Medium
7145,NW037-TP-SR-XL,NW037,9.0,NIGHT WEAR,XL,Pink,Medium
7146,NW037-TP-SR-XS,NW037,10.0,NIGHT WEAR,XS,Pink,Medium
7147,NW037-TP-SR-XXL,NW037,9.0,NIGHT WEAR,XXL,Pink,Medium
7154,NW038-ST-SR-XXL,NW038,9.0,NIGHT WEAR,XXL,Blue,Medium
7155,NW038-ST-SR-XXXL,NW038,6.0,NIGHT WEAR,XXXL,Blue,Medium
7156,NW039-TP-SR-L,NW039,7.0,NIGHT WEAR,L,Yellow,Medium
7157,NW039-TP-SR-M,NW039,8.0,NIGHT WEAR,M,Yellow,Medium
7159,NW039-TP-SR-XL,NW039,6.0,NIGHT WEAR,XL,Yellow,Medium
7160,NW039-TP-SR-XS,NW039,7.0,NIGHT WEAR,XS,Yellow,Medium
7161,NW039-TP-SR-XXL,NW039,9.0,NIGHT WEAR,XXL,Yellow,Medium
7166,PJNE1906-KR-4XL,PJNE1906,8.0,KURTA,4XL,Black,Medium
7182,PJNE2270-KR-5XL,PJNE2270,6.0,KURTA,5XL,Beige,Medium
7196,PJNE3364-KR-4XL,PJNE3364,9.0,KURTA,4XL,Green,Medium
7197,PJNE3364-KR-5XL,PJNE3364,9.0,KURTA,5XL,Green,Medium
7198,PJNE3364-KR-6XL,PJNE3364,8.0,KURTA,6XL,Green,Medium
7200,PJNE3368-KR-5XL,PJNE3368,6.0,KURTA,5XL,Light Green,Medium
7202,PJNE3373-KR-4XL,PJNE3373,8.0,KURTA,4XL,Black,Medium
7219,PJNE3423-KR-6XL,PJNE3423,6.0,KURTA,6XL,Black,Medium
7228,PJNE3445-KR-6XL,PJNE3445,10.0,KURTA,6XL,White,Medium
7233,PJNE3568-KR-5XL,PJNE3568,7.0,KURTA,5XL,Yellow,Medium
7235,PJNE3607-KR-4XL,PJNE3607,7.0,KURTA,4XL,Maroon,Medium
7251,SAR023,SAR023,5.0,SAREE,FREE,Green,Medium
7258,SAR030,SAR030,10.0,SAREE,FREE,Beige,Medium
7261,SAR033,SAR033,8.0,SAREE,FREE,Sea Green,Medium
7264,SAR036,SAR036,8.0,SAREE,FREE,Brown,Medium
7269,SAR041,SAR041,6.0,SAREE,FREE,Black,Medium
7296,SAR068,SAR068,5.0,SAREE,FREE,Brown,Medium
7299,SAR071,SAR071,6.0,SAREE,FREE,Green,Medium
7302,SAR074,SAR074,5.0,SAREE,FREE,Brown,Medium
7303,SAR075,SAR075,6.0,SAREE,FREE,Black,Medium
7312,SAR094,SAR094,9.0,SAREE,FREE,Red,Medium
7316,SAR098,SAR098,5.0,SAREE,FREE,Blue,Medium
7317,SAR099,SAR099,5.0,SAREE,FREE,Grey,Medium
7321,SAR103,SAR103,10.0,SAREE,FREE,Maroon,Medium
7322,SAR104,SAR104,7.0,SAREE,FREE,Blue,Medium
7323,SAR105,SAR105,7.0,SAREE,FREE,Pink,Medium
7325,SAR108,SAR108,5.0,SAREE,FREE,Pink,Medium
7326,SAR109,SAR109,7.0,SAREE,FREE,Blue,Medium
7327,SAR110,SAR110,7.0,SAREE,FREE,Green,Medium
7330,SAR113,SAR113,10.0,SAREE,FREE,Yellow,Medium
7334,SAR131,SAR131,6.0,SAREE,FREE,Red,Medium
7338,SAR135,SAR135,7.0,SAREE,FREE,Green,Medium
7339,SAR136,SAR136,6.0,SAREE,FREE,Navy Blue,Medium
7340,SAR137,SAR137,6.0,SAREE,FREE,Purple,Medium
7344,SAR141,SAR141,6.0,SAREE,FREE,Purple,Medium
7346,SAR143,SAR143,6.0,SAREE,FREE,Beige,Medium
7367,SAR164,SAR164,10.0,SAREE,FREE,Teal,Medium
7376,SAR173,SAR173,8.0,SAREE,FREE,Orange,Medium
7377,SAR174,SAR174,7.0,SAREE,FREE,Green,Medium
7382,SAR179,SAR179,10.0,SAREE,FREE,Teal,Medium
7384,SAR181,SAR181,7.0,SAREE,FREE,Teal,Medium
7388,SAR185,SAR185,10.0,SAREE,FREE,Maroon,Medium
7400,SET014-KR-PP-M,SET014,10.0,KURTA SET,M,Navy Blue,Medium
7402,SET014-KR-PP-XL,SET014,8.0,KURTA SET,XL,Navy Blue,Medium
7413,SET034-KR-NP-XS,SET034,5.0,KURTA SET,XS,Pink,Medium
7428,SET037-KR-NP-M,SET037,8.0,KURTA SET,M,Peach,Medium
7430,SET037-KR-NP-XL,SET037,5.0,KURTA SET,XL,Peach,Medium
7431,SET037-KR-NP-XS,SET037,10.0,KURTA SET,XS,Peach,Medium
7432,SET037-KR-NP-XXL,SET037,7.0,KURTA SET,XXL,Peach,Medium
7437,SET038-KR-PP-XL,SET038,5.0,KURTA SET,XL,Red,Medium
7449,SET044-KR-NP-M,SET044,8.0,KURTA SET,M,Mustard,Medium
7450,SET044-KR-NP-S,SET044,9.0,KURTA SET,S,Mustard,Medium
7456,SET048-KR-NP-M,SET048,7.0,KURTA SET,M,Dark Green,Medium
7457,SET048-KR-NP-S,SET048,7.0,KURTA SET,S,Dark Green,Medium
7458,SET048-KR-NP-XL,SET048,5.0,KURTA SET,XL,Dark Green,Medium
7460,SET048-KR-NP-XXL,SET048,7.0,KURTA SET,XXL,Dark Green,Medium
7472,SET053-KR-NP-XS,SET053,8.0,KURTA SET,XS,Black,Medium
7473,SET053-KR-NP-XXL,SET053,6.0,KURTA SET,XXL,Black,Medium
7476,SET055-KR-NP-M,SET055,9.0,KURTA SET,M,Pink,Medium
7477,SET055-KR-NP-S,SET055,5.0,KURTA SET,S,Pink,Medium
7483,SET058-KR-NP-L,SET058,9.0,KURTA SET,L,Teal,Medium
7515,SET075-KR-DH-S,SET075,5.0,KURTA SET,S,Pink,Medium
7527,SET083-KR-PP-S,SET083,6.0,KURTA SET,S,Navy Blue,Medium
7544,SET087-KR-PP-XXL,SET087,9.0,KURTA SET,XXL,Grey,Medium
7550,SET091-KR-NP-XS,SET091,5.0,SET,XS,Beige,Medium
7553,SET094-KR-NP-L,SET094,9.0,KURTA SET,L,Turquoise Green,Medium
7554,SET094-KR-NP-M,SET094,10.0,KURTA SET,M,Turquoise Green,Medium
7559,SET094-KR-NP-XXXL,SET094,8.0,KURTA SET,XXXL,Turquoise Green,Medium
7566,SET097-KR-PP-XXXL,SET097,6.0,KURTA SET,XXXL,Mustard,Medium
7586,SET110-KR-PP-L,SET110,5.0,KURTA SET,L,Black,Medium
7587,SET110-KR-PP-M,SET110,9.0,KURTA SET,M,Black,Medium
7591,SET110-KR-PP-XXL,SET110,9.0,KURTA SET,XXL,Black,Medium
7599,SET116-KR-NP-XS,SET116,5.0,KURTA SET,XS,Yellow,Medium
7600,SET116-KR-NP-XXL,SET116,5.0,KURTA SET,XXL,Yellow,Medium
7601,SET116-KR-NP-XXXL,SET116,6.0,KURTA SET,XXXL,Yellow,Medium
7611,SET128-KR-DH-M,SET128,10.0,SET,M,Beige,Medium
7615,SET128-KR-DH-XXL,SET128,10.0,SET,XXL,Beige,Medium
7622,SET130-KR-NP-XXL,SET130,10.0,KURTA SET,XXL,Magenta,Medium
7623,SET130-KR-NP-XXXL,SET130,7.0,KURTA SET,XXXL,Magenta,Medium
7624,SET131-KR-NP-L,SET131,5.0,KURTA SET,L,Blue,Medium
7626,SET131-KR-NP-S,SET131,10.0,KURTA SET,S,Blue,Medium
7629,SET131-KR-NP-XXL,SET131,5.0,KURTA SET,XXL,Blue,Medium
7630,SET131-KR-NP-XXXL,SET131,10.0,KURTA SET,XXXL,Blue,Medium
7632,SET132-KR-NP-M,SET132,8.0,KURTA SET,M,Light Green,Medium
7636,SET132-KR-NP-XXL,SET132,10.0,KURTA SET,XXL,Light Green,Medium
7647,SET138-KR-PP-XS,SET138,6.0,KURTA SET,XS,Pink,Medium
7673,SET145-KR-NP-S,SET145,5.0,KURTA SET,S,Blue,Medium
7674,SET145-KR-NP-XL,SET145,5.0,KURTA SET,XL,Blue,Medium
7675,SET145-KR-NP-XS,SET145,7.0,KURTA SET,XS,Blue,Medium
7713,SET156-KR-NP-L,SET156,10.0,KURTA SET,L,Yellow,Medium
7714,SET156-KR-NP-M,SET156,9.0,KURTA SET,M,Yellow,Medium
7717,SET156-KR-NP-XS,SET156,9.0,KURTA SET,XS,Yellow,Medium
7737,SET165-KR-PP-XS,SET165,8.0,KURTA SET,XS,Blue,Medium
7738,SET165-KR-PP-XXL,SET165,7.0,KURTA SET,XXL,Blue,Medium
7740,SET171-KR-NP-L,SET171,6.0,KURTA SET,L,Cream,Medium
7742,SET171-KR-NP-S,SET171,5.0,KURTA SET,S,Cream,Medium
7746,SET171-KR-NP-XXXL,SET171,9.0,KURTA SET,XXXL,Cream,Medium
7750,SET172-KR-PP-XL,SET172,9.0,KURTA SET,XL,Multicolor,Medium
7758,SET179-KR-PP-XS,SET179,6.0,KURTA SET,XS,White,Medium
7763,SET182-KR-DH-S,SET182,6.0,KURTA SET,S,Black,Medium
7776,SET184-KR-PP-M,SET184,6.0,KURTA SET,M,Teal,Medium
7777,SET184-KR-PP-S,SET184,10.0,KURTA SET,S,Teal,Medium
7779,SET184-KR-PP-XS,SET184,10.0,KURTA SET,XS,Teal,Medium
7788,SET185-KR-NP-XXXL,SET185,7.0,KURTA SET,XXXL,Mustard,Medium
7806,SET188-KR-NP-XL,SET188,10.0,KURTA SET,XL,Pink,Medium
7818,SET192-KR-NP-M,SET192,6.0,KURTA SET,M,Teal,Medium
7822,SET192-KR-NP-XXL,SET192,7.0,KURTA SET,XXL,Teal,Medium
7823,SET192-KR-NP-XXXL,SET192,8.0,KURTA SET,XXXL,Teal,Medium
7828,SET193-KR-NP-XS,SET193,10.0,KURTA SET,XS,Pink,Medium
7838,SET195-KR-NP-L,SET195,8.0,KURTA SET,L,Beige,Medium
7840,SET195-KR-NP-S,SET195,6.0,KURTA SET,S,Beige,Medium
7843,SET195-KR-NP-XXL,SET195,7.0,KURTA SET,XXL,Beige,Medium
7869,SET199-KR-NP-XL,SET199,5.0,KURTA SET,XL,Peach,Medium
7871,SET199-KR-NP-XXL,SET199,7.0,KURTA SET,XXL,Peach,Medium
7878,SET200-KR-NP-XXL,SET200,5.0,KURTA SET,XXL,Maroon,Medium
7894,SET203-KR-DPT-L,SET203,8.0,KURTA SET,L,Maroon,Medium
7897,SET203-KR-DPT-XL,SET203,7.0,KURTA SET,XL,Maroon,Medium
7900,SET203-KR-DPT-XXXL,SET203,8.0,KURTA SET,XXXL,Maroon,Medium
7903,SET204-KR-DPT-S,SET204,5.0,KURTA SET,S,Green,Medium
7907,SET204-KR-DPT-XXXL,SET204,5.0,KURTA SET,XXXL,Green,Medium
7909,SET205-KR-DPT-M,SET205,9.0,KURTA SET,M,Yellow,Medium
7913,SET205-KR-DPT-XXL,SET205,6.0,KURTA SET,XXL,Yellow,Medium
7922,SET209-KR-PP-L,SET209,7.0,KURTA SET,L,Pink,Medium
7925,SET209-KR-PP-XL,SET209,8.0,KURTA SET,XL,Pink,Medium
7930,SET210-KR-PP-M,SET210,5.0,KURTA SET,M,Grey,Medium
7957,SET217-KR-PP-M,SET217,7.0,KURTA SET,M,Sea Green,Medium
7958,SET217-KR-PP-S,SET217,10.0,KURTA SET,S,Sea Green,Medium
7959,SET217-KR-PP-XL,SET217,6.0,KURTA SET,XL,Sea Green,Medium
7961,SET217-KR-PP-XXL,SET217,9.0,KURTA SET,XXL,Sea Green,Medium
7965,SET218-KR-NP-S,SET218,5.0,KURTA SET,S,Sky Blue,Medium
7967,SET218-KR-NP-XS,SET218,9.0,KURTA SET,XS,Sky Blue,Medium
7968,SET218-KR-NP-XXL,SET218,10.0,KURTA SET,XXL,Sky Blue,Medium
7969,SET218-KR-NP-XXXL,SET218,5.0,KURTA SET,XXXL,Sky Blue,Medium
7970,SET219-KR-PP-L,SET219,6.0,KURTA SET,L,Turquoise Green,Medium
7971,SET219-KR-PP-M,SET219,5.0,KURTA SET,M,Turquoise Green,Medium
7973,SET219-KR-PP-XL,SET219,5.0,KURTA SET,XL,Turquoise Green,Medium
7982,SET220-KR-PP-XXL,SET220,7.0,KURTA SET,XXL,White,Medium
7985,SET221-KR-NP-M,SET221,8.0,KURTA SET,M,Mustard,Medium
7993,SET223-KR-NP-S,SET223,5.0,KURTA SET,S,Pink,Medium
8000,SET224-KR-NP-S,SET224,6.0,KURTA SET,S,Rust,Medium
8002,SET224-KR-NP-XS,SET224,6.0,KURTA SET,XS,Rust,Medium
8003,SET224-KR-NP-XXL,SET224,5.0,KURTA SET,XXL,Rust,Medium
8009,SET225-KR-NP-XS,SET225,9.0,KURTA,XS,Mustard,Medium
8010,SET225-KR-NP-XXL,SET225,5.0,KURTA,XXL,Mustard,Medium
8017,SET226-KR-PP-XXL,SET226,6.0,KURTA SET,XXL,Grey,Medium
8020,SET227-KR-PP-M,SET227,6.0,KURTA SET,M,Pink,Medium
8022,SET227-KR-PP-XL,SET227,6.0,KURTA SET,XL,Pink,Medium
8023,SET227-KR-PP-XS,SET227,6.0,KURTA SET,XS,Pink,Medium
8024,SET227-KR-PP-XXL,SET227,6.0,KURTA SET,XXL,Pink,Medium
8026,SET228-KR-PP-L,SET228,9.0,KURTA SET,L,Yellow,Medium
8028,SET228-KR-PP-S,SET228,6.0,KURTA SET,S,Yellow,Medium
8031,SET228-KR-PP-XXL,SET228,6.0,KURTA SET,XXL,Yellow,Medium
8046,SET230-KR-PP-XXXL,SET230,10.0,KURTA SET,XXXL,Blue,Medium
8057,SET232-KR-PP-XXXL,SET232,8.0,KURTA SET,XXXL,Pink,Medium
8060,SET233-KR-PP-S,SET233,5.0,KURTA SET,S,Pink,Medium
8076,SET236-KR-PP-L,SET236,8.0,SET,L,Pink,Medium
8077,SET236-KR-PP-M,SET236,6.0,SET,M,Pink,Medium
8078,SET236-KR-PP-S,SET236,9.0,SET,S,Pink,Medium
8079,SET236-KR-PP-XL,SET236,8.0,SET,XL,Pink,Medium
8085,SET238-KR-PP-S,SET238,5.0,KURTA SET,S,Grey,Medium
8092,SET239-KR-NP-S,SET239,7.0,KURTA SET,S,OFF WHITE,Medium
8102,SET240-KR-PP-XXL,SET240,10.0,KURTA SET,XXL,Yellow,Medium
8103,SET240-KR-PP-XXXL,SET240,7.0,KURTA SET,XXXL,Yellow,Medium
8114,SET242-KR-PP-XS,SET242,5.0,KURTA SET,XS,Black,Medium
8118,SET243-KR-PP-M,SET243,10.0,KURTA SET,M,Blue,Medium
8119,SET243-KR-PP-S,SET243,8.0,KURTA SET,S,Blue,Medium
8120,SET243-KR-PP-XL,SET243,10.0,KURTA SET,XL,Blue,Medium
8138,SET246-KR-PP-L,SET246,8.0,KURTA SET,L,Red,Medium
8143,SET246-KR-PP-XXL,SET246,10.0,KURTA SET,XXL,Red,Medium
8145,SET247-KR-SHA-L,SET247,5.0,KURTA SET,L,Teal,Medium
8146,SET247-KR-SHA-M,SET247,6.0,KURTA SET,M,Teal,Medium
8153,SET248-KR-NP-M,SET248,7.0,KURTA SET,M,Teal,Medium
8156,SET248-KR-NP-XS,SET248,7.0,KURTA SET,XS,Teal,Medium
8158,SET248-KR-NP-XXXL,SET248,10.0,KURTA SET,XXXL,Teal,Medium
8160,SET249-KR-NP-M,SET249,9.0,KURTA SET,M,Green,Medium
8168,SET250-KR-SHA-S,SET250,5.0,KURTA SET,S,Magenta,Medium
8172,SET250-KR-SHA-XXXL,SET250,5.0,KURTA SET,XXXL,Magenta,Medium
8187,SET253-KR-NP-L,SET253,6.0,KURTA SET,L,Black,Medium
8190,SET253-KR-NP-XL,SET253,8.0,KURTA SET,XL,Black,Medium
8192,SET253-KR-NP-XXL,SET253,8.0,KURTA SET,XXL,Black,Medium
8196,SET254-KR-NP-S,SET254,7.0,KURTA SET,S,Grey,Medium
8198,SET254-KR-NP-XS,SET254,10.0,KURTA SET,XS,Grey,Medium
8203,SET257-KR-PP-S,SET257,5.0,SET,S,Beige,Medium
8210,SET258-KR-PP-S,SET258,7.0,KURTA SET,S,OFF WHITE,Medium
8212,SET258-KR-PP-XS,SET258,6.0,KURTA SET,XS,OFF WHITE,Medium
8233,SET263-KR-NP-M,SET263,6.0,KURTA SET,M,Turquoise,Medium
8235,SET263-KR-NP-XL,SET263,5.0,KURTA SET,XL,Turquoise,Medium
8246,SET265-KR-NP-L,SET265,9.0,KURTA SET,L,Pink,Medium
8283,SET270-KR-PP-S,SET270,10.0,KURTA SET,S,Green,Medium
8285,SET270-KR-PP-XXL,SET270,5.0,KURTA SET,XXL,Green,Medium
8288,SET271-KR-NP-S,SET271,8.0,KURTA,S,Green,Medium
8289,SET271-KR-NP-XL,SET271,5.0,KURTA,XL,Green,Medium
8294,SET272-KR-PP-M,SET272,8.0,KURTA SET,M,Mustard,Medium
8295,SET272-KR-PP-S,SET272,6.0,KURTA SET,S,Mustard,Medium
8298,SET272-KR-PP-XXL,SET272,5.0,KURTA SET,XXL,Mustard,Medium
8316,SET275-KR-NP-S,SET275,6.0,SET,S,Blue,Medium
8319,SET275-KR-NP-XXL,SET275,8.0,SET,XXL,Blue,Medium
8320,SET275-KR-NP-XXXL,SET275,5.0,SET,XXXL,Blue,Medium
8328,SET277-KR-NP-L,SET277,6.0,KURTA SET,L,Turquoise,Medium
8331,SET277-KR-NP-XL,SET277,5.0,KURTA SET,XL,Turquoise,Medium
8332,SET277-KR-NP-XS,SET277,8.0,KURTA SET,XS,Turquoise,Medium
8333,SET277-KR-NP-XXL,SET277,9.0,KURTA SET,XXL,Turquoise,Medium
8335,SET278-KR-NP-L,SET278,7.0,KURTA SET,L,Orange,Medium
8337,SET278-KR-NP-S,SET278,10.0,KURTA SET,S,Orange,Medium
8340,SET278-KR-NP-XXL,SET278,7.0,KURTA SET,XXL,Orange,Medium
8341,SET278-KR-NP-XXXL,SET278,10.0,KURTA SET,XXXL,Orange,Medium
8343,SET279-LC-M,SET279,10.0,LEHENGA CHOLI,M,Teal,Medium
8344,SET279-LC-S,SET279,5.0,LEHENGA CHOLI,S,Teal,Medium
8353,SET280-KR-PP-XS,SET280,7.0,KURTA SET,XS,Pink,Medium
8362,SET281-KR-PP-XXXL,SET281,8.0,SET,XXXL,Green,Medium
8370,SET285-KR-SHA-L,SET285,7.0,SET,L,Teal,Medium
8372,SET285-KR-SHA-S,SET285,5.0,SET,S,Teal,Medium
8382,SET286-KR-NP-XXL,SET286,5.0,SET,XXL,Maroon,Medium
8383,SET286-KR-NP-XXXL,SET286,9.0,SET,XXXL,Maroon,Medium
8391,SET288-KR-NP-L,SET288,5.0,SET,L,Grey,Medium
8392,SET288-KR-NP-M,SET288,6.0,SET,M,Grey,Medium
8394,SET288-KR-NP-XL,SET288,10.0,SET,XL,Grey,Medium
8396,SET288-KR-NP-XXL,SET288,10.0,SET,XXL,Grey,Medium
8397,SET288-KR-NP-XXXL,SET288,6.0,SET,XXXL,Grey,Medium
8407,SET290-KR-DPT-S,SET290,6.0,SET,S,NAVY,Medium
8412,SET291-KR-PP-L,SET291,6.0,KURTA SET,L,Teal,Medium
8416,SET291-KR-PP-XS,SET291,6.0,KURTA SET,XS,Teal,Medium
8418,SET291-KR-PP-XXXL,SET291,8.0,KURTA SET,XXXL,Teal,Medium
8420,SET293-KR-NP-M,SET293,6.0,KURTA SET,M,Blue,Medium
8423,SET293-KR-NP-XS,SET293,5.0,KURTA SET,XS,Blue,Medium
8424,SET293-KR-NP-XXL,SET293,7.0,KURTA SET,XXL,Blue,Medium
8425,SET293-KR-NP-XXXL,SET293,7.0,KURTA SET,XXXL,Blue,Medium
8453,SET300-KR-NP-XXXL,SET300,7.0,SET,XXXL,CORAL,Medium
8464,SET302-KR-PP-XL,SET302,5.0,SET,XL,Sky Blue,Medium
8467,SET302-KR-PP-XXXL,SET302,9.0,SET,XXXL,Sky Blue,Medium
8470,SET303-KR-NP-S,SET303,5.0,KURTA SET,S,Teal,Medium
8474,SET303-KR-NP-XXXL,SET303,8.0,KURTA SET,XXXL,Teal,Medium
8488,SET305-KR-DPT-XXXL,SET305,7.0,KURTA SET,XXXL,Peach,Medium
8510,SET310-KR-NP-L,SET310,6.0,SET,L,Green,Medium
8528,SET313-KR-NP-XS,SET313,7.0,SET,XS,White,Medium
8544,SET316-KR-DPT-XXXL,SET316,9.0,KURTA SET,XXXL,Navy Blue,Medium
8545,SET317-KR-PP-L,SET317,6.0,KURTA SET,L,Olive Green,Medium
8546,SET317-KR-PP-M,SET317,5.0,KURTA SET,M,Olive Green,Medium
8547,SET317-KR-PP-S,SET317,9.0,KURTA SET,S,Olive Green,Medium
8551,SET317-KR-PP-XXXL,SET317,7.0,KURTA SET,XXXL,Olive Green,Medium
8559,SET319-KR-NP-L,SET319,9.0,KURTA SET,L,Pink,Medium
8560,SET319-KR-NP-M,SET319,5.0,KURTA SET,M,Pink,Medium
8561,SET319-KR-NP-S,SET319,10.0,KURTA SET,S,Pink,Medium
8562,SET319-KR-NP-XL,SET319,8.0,KURTA SET,XL,Pink,Medium
8563,SET319-KR-NP-XS,SET319,6.0,KURTA SET,XS,Pink,Medium
8564,SET319-KR-NP-XXL,SET319,6.0,KURTA SET,XXL,Pink,Medium
8565,SET319-KR-NP-XXXL,SET319,10.0,KURTA SET,XXXL,Pink,Medium
8584,SET322-KR-SHA-XS,SET322,5.0,SET,XS,Maroon,Medium
8589,SET323-KR-NP-S,SET323,9.0,KURTA SET,S,White,Medium
8590,SET323-KR-NP-XL,SET323,7.0,KURTA SET,XL,White,Medium
8591,SET323-KR-NP-XS,SET323,10.0,KURTA SET,XS,White,Medium
8592,SET323-KR-NP-XXL,SET323,8.0,KURTA SET,XXL,White,Medium
8594,SET324-KR-NP-L,SET324,6.0,KURTA SET,L,Peach,Medium
8595,SET324-KR-NP-M,SET324,8.0,KURTA SET,M,Peach,Medium
8596,SET324-KR-NP-S,SET324,10.0,KURTA SET,S,Peach,Medium
8599,SET324-KR-NP-XXL,SET324,5.0,KURTA SET,XXL,Peach,Medium
8600,SET324-KR-NP-XXXL,SET324,8.0,KURTA SET,XXXL,Peach,Medium
8607,SET325-KR-NP-XXXL,SET325,9.0,KURTA SET,XXXL,Black,Medium
8608,SET326-KR-PP-L,SET326,5.0,KURTA SET,L,Beige,Medium
8616,SET327-KR-DPT-M,SET327,9.0,SET,M,Black,Medium
8642,SET330-KR-PP-XXXL,SET330,5.0,KURTA SET,XXXL,Green,Medium
8657,SET333-KR-DPT-L,SET333,5.0,KURTA SET,L,Teal,Medium
8661,SET333-KR-DPT-XS,SET333,7.0,KURTA SET,XS,Teal,Medium
8662,SET333-KR-DPT-XXL,SET333,7.0,KURTA SET,XXL,Teal,Medium
8663,SET333-KR-DPT-XXXL,SET333,9.0,KURTA SET,XXXL,Teal,Medium
8683,SET336-KR-NP-XXL,SET336,5.0,SET,XXL,Maroon,Medium
8688,SET337-KR-NP-XS,SET337,5.0,KURTA SET,XS,Maroon,Medium
8690,SET338-KR-NP-L,SET338,8.0,KURTA SET,L,Maroon,Medium
8692,SET338-KR-NP-S,SET338,7.0,KURTA SET,S,Maroon,Medium
8693,SET338-KR-NP-XL,SET338,8.0,KURTA SET,XL,Maroon,Medium
8696,SET339-KR-NP-L,SET339,5.0,SET,L,Maroon,Medium
8698,SET339-KR-NP-S,SET339,8.0,SET,S,Maroon,Medium
8699,SET339-KR-NP-XL,SET339,5.0,SET,XL,Maroon,Medium
8700,SET339-KR-NP-XS,SET339,6.0,SET,XS,Maroon,Medium
8701,SET339-KR-NP-XXL,SET339,8.0,SET,XXL,Maroon,Medium
8702,SET339-KR-NP-XXXL,SET339,8.0,SET,XXXL,Maroon,Medium
8705,SET340-KR-NP-S,SET340,7.0,SET,S,Maroon,Medium
8707,SET340-KR-NP-XS,SET340,5.0,SET,XS,Maroon,Medium
8708,SET340-KR-NP-XXL,SET340,6.0,SET,XXL,Maroon,Medium
8709,SET340-KR-NP-XXXL,SET340,8.0,SET,XXXL,Maroon,Medium
8710,SET341-KR-NP-L,SET341,5.0,SET,L,Multicolor,Medium
8711,SET341-KR-NP-M,SET341,10.0,SET,M,Multicolor,Medium
8715,SET341-KR-NP-XXL,SET341,7.0,SET,XXL,Multicolor,Medium
8717,SET342-KR-NP-L,SET342,10.0,SET,L,OFF WHITE,Medium
8725,SET343-KR-NP-M,SET343,7.0,SET,M,OFF WHITE,Medium
8732,SET344-KR-NP-M,SET344,6.0,SET,M,Red,Medium
8756,SET347-KR-NP-XS,SET347,6.0,SET,XS,Cream,Medium
8759,SET348-KR-NP-L,SET348,10.0,SET,L,Pink,Medium
8762,SET348-KR-NP-XL,SET348,6.0,SET,XL,Pink,Medium
8764,SET348-KR-NP-XXL,SET348,5.0,SET,XXL,Pink,Medium
8768,SET349-KR-NP-S,SET349,9.0,SET,S,Pink,Medium
8773,SET350-KR-NP-L,SET350,7.0,SET,L,Yellow,Medium
8774,SET350-KR-NP-M,SET350,5.0,SET,M,Yellow,Medium
8776,SET350-KR-NP-XL,SET350,5.0,SET,XL,Yellow,Medium
8779,SET350-KR-NP-XXXL,SET350,6.0,SET,XXXL,Yellow,Medium
8786,SET351-KR-NP-XXXL,SET351,6.0,SET,XXXL,Black,Medium
8832,SET359-KR-NP-XL,SET359,10.0,SET,XL,Navy Blue,Medium
8835,SET359-KR-NP-XXXL,SET359,6.0,SET,XXXL,Navy Blue,Medium
8836,SET360-KR-NP-L,SET360,5.0,SET,L,Light Pink,Medium
8837,SET360-KR-NP-M,SET360,5.0,SET,M,Light Pink,Medium
8841,SET360-KR-NP-XXL,SET360,6.0,SET,XXL,Light Pink,Medium
8842,SET360-KR-NP-XXXL,SET360,7.0,SET,XXXL,Light Pink,Medium
8847,SET361-KR-NP-XS,SET361,6.0,SET,XS,White,Medium
8854,SET363-KR-NP-XS,SET363,7.0,SET,XS,Pink,Medium
8858,SET364-KR-NP-M,SET364,6.0,SET,M,Yellow,Medium
8862,SET364-KR-NP-XXL,SET364,8.0,SET,XXL,Yellow,Medium
8864,SET365-KR-NP-L,SET365,7.0,SET,L,Pink,Medium
8866,SET365-KR-NP-S,SET365,8.0,SET,S,Pink,Medium
8880,SET369-KR-NP-S,SET369,10.0,SET,S,Light Pink,Medium
8906,SET375-KR-NP-L,SET375,8.0,SET,L,Maroon,Medium
8908,SET375-KR-NP-S,SET375,8.0,SET,S,Maroon,Medium
8909,SET375-KR-NP-XL,SET375,7.0,SET,XL,Maroon,Medium
8913,SET376-KR-NP-L,SET376,9.0,SET,L,Dark Green,Medium
8914,SET376-KR-NP-M,SET376,10.0,SET,M,Dark Green,Medium
8925,SET377-KR-NP-XXL,SET377,5.0,KURTA SET,XXL,Sea Green,Medium
8932,SET378-KR-NP-XXL,SET378,5.0,SET,XXL,Blue,Medium
8935,SET380-KR-NP-M,SET380,5.0,SET,M,Grey,Medium
8936,SET380-KR-NP-S,SET380,9.0,SET,S,Grey,Medium
8940,SET380-KR-NP-XXXL,SET380,6.0,SET,XXXL,Grey,Medium
8946,SET383-KR-NP-XXL,SET383,7.0,SET,XXL,Light Green,Medium
8947,SET383-KR-NP-XXXL,SET383,5.0,SET,XXXL,Light Green,Medium
8948,SET384-KR-NP-L,SET384,9.0,SET,L,LIGHT YELLOW,Medium
8949,SET384-KR-NP-M,SET384,6.0,SET,M,LIGHT YELLOW,Medium
8953,SET384-KR-NP-XXL,SET384,8.0,SET,XXL,LIGHT YELLOW,Medium
8954,SET384-KR-NP-XXXL,SET384,5.0,SET,XXXL,LIGHT YELLOW,Medium
8955,SET385-KR-NP-L,SET385,5.0,SET,L,Sky Blue,Medium
8960,SET385-KR-NP-XXL,SET385,8.0,SET,XXL,Sky Blue,Medium
8981,SET389-KR-NP-XXL,SET389,5.0,SET,XXL,White,Medium
8991,SET392-KR-NP-M,SET392,6.0,SET,M,Peach,Medium
8992,SET392-KR-NP-S,SET392,5.0,SET,S,Peach,Medium
8999,SET393-KR-NP-S,SET393,6.0,SET,S,Blue,Medium
9001,SET393-KR-NP-XS,SET393,6.0,SET,XS,Blue,Medium
9018,SET396-KR-PP-L,SET396,9.0,KURTA SET,L,White,Medium
9021,SET396-KR-PP-XL,SET396,5.0,KURTA SET,XL,White,Medium
9026,SET397-KR-NP-M,SET397,8.0,KURTA SET,M,TEAL BLUE ,Medium
9029,SET397-KR-NP-XS,SET397,6.0,KURTA SET,XS,TEAL BLUE ,Medium
9035,SET398-KR-PP-XL,SET398,6.0,KURTA SET,XL,Peach,Medium
9037,SET398-KR-PP-XXL,SET398,6.0,KURTA SET,XXL,Peach,Medium
9047,SET401-KR-NP-M,SET401,7.0,SET,M,Black,Medium
9051,SET401-KR-NP-XXL,SET401,8.0,SET,XXL,Black,Medium
9053,SET402-KR-NP-L,SET402,6.0,SET,L,Sea Green,Medium
9054,SET402-KR-NP-M,SET402,8.0,SET,M,Sea Green,Medium
9056,SET402-KR-NP-XL,SET402,8.0,SET,XL,Sea Green,Medium
9058,SET402-KR-NP-XXL,SET402,10.0,SET,XXL,Sea Green,Medium
9059,SET402-KR-NP-XXXL,SET402,10.0,SET,XXXL,Sea Green,Medium
9074,SET405-KR-NP-L,SET405,8.0,SET,L,Red,Medium
9075,SET405-KR-NP-M,SET405,6.0,SET,M,Red,Medium
9102,SET413-KR-NP-L,SET413,8.0,SET,L,Navy Blue,Medium
9103,SET413-KR-NP-M,SET413,6.0,SET,M,Navy Blue,Medium
9106,SET413-KR-NP-XS,SET413,7.0,SET,XS,Navy Blue,Medium
9157,SET436-KR-NP-XXXL,SET436,7.0,SET,XXXL,Pink,Medium
